id,game,release-date,release-era,genre,total-earnings,online-earnings,total-winners,total-tournaments
1,Age of Empires,1997.0,pre-2000,Strategy,190075.6,33235.72,246.0,95.0
2,Age of Empires II,1999.0,pre-2000,Strategy,1574109.0,956573.6,979.0,602.0
3,Age of Empires III,2005.0,bw-2000-2010,Strategy,68113.85,26613.85,106.0,76.0
4,Age of Empires Online,2011.0,post-2010,Strategy,2668.0,2668.0,16.0,7.0
5,Age of Mythology,2002.0,bw-2000-2010,Strategy,52360.0,360.0,22.0,6.0
6,Among Us,2018.0,post-2010,Strategy,66000.0,66000.0,10.0,6.0
7,Auto Chess,2019.0,post-2010,Strategy,1076322.0,40800.0,72.0,6.0
8,Brawl Stars,2018.0,post-2010,Strategy,94950.0,8700.0,51.0,10.0
9,Chess.com,2007.0,bw-2000-2010,Strategy,940888.9,940888.9,620.0,172.0
10,chess24,2014.0,post-2010,Strategy,1184696.0,1184696.0,61.0,10.0
11,Clash of Clans,2012.0,post-2010,Strategy,2002137.0,956250.0,185.0,19.0
12,Clash Royale,2016.0,post-2010,Strategy,3363348.0,213709.3,290.0,51.0
13,Command & Conquer 3,2007.0,bw-2000-2010,Strategy,53086.67,0.0,9.0,8.0
14,Company of Heroes 2,2013.0,post-2010,Strategy,8561.22,605.0,11.0,6.0
15,ComPet,2016.0,post-2010,Strategy,2000.0,2000.0,50.0,1.0
16,Dead By Daylight,2016.0,post-2010,Strategy,60000.0,60000.0,35.0,9.0
17,Dota Underlords,2019.0,post-2010,Strategy,26024.18,26024.18,62.0,36.0
18,Endgods,2015.0,post-2010,Strategy,0.0,0.0,0.0,0.0
19,Farming Simulator 19,2018.0,post-2010,Strategy,295386.6,175940.7,89.0,14.0
20,Grey Goo,2015.0,post-2010,Strategy,36400.0,6000.0,18.0,5.0
21,Internet Chess Club,1995.0,pre-2000,Strategy,10000.0,10000.0,6.0,1.0
22,Iron Harvest,2020.0,post-2010,Strategy,0.0,0.0,0.0,0.0
23,Lichess,2010.0,bw-2000-2010,Strategy,1163297.0,1163297.0,276.0,88.0
24,Multigaming,2000.0,bw-2000-2010,Strategy,148384.3,0.0,19.0,3.0
25,osu!,2007.0,bw-2000-2010,Strategy,23100.0,23100.0,971.0,7.0
26,Playchess.com,2002.0,bw-2000-2010,Strategy,32866.58,32866.58,116.0,9.0
27,Pokemon VGC,2017.0,post-2010,Strategy,211500.0,0.0,170.0,24.0
28,Prophecy,2020.0,post-2010,Strategy,13000.0,13000.0,27.0,4.0
29,Rise of Nations: Rise of Legends,2006.0,bw-2000-2010,Strategy,69600.0,0.0,8.0,1.0
30,Sea of Thieves,2016.0,post-2010,Strategy,100000.0,100000.0,67.0,4.0
31,StarCraft II,2010.0,bw-2000-2010,Strategy,34243238.0,5227920.0,2084.0,5962.0
32,StarCraft: Brood War,1998.0,pre-2000,Strategy,8376408.0,373509.1,680.0,586.0
33,Super Mario Party,2018.0,post-2010,Strategy,220.0,0.0,4.0,1.0
34,Supreme Commander,2007.0,bw-2000-2010,Strategy,4901.26,0.0,0.0,1.0
35,Supreme Commander: Forged Alliance,2007.0,bw-2000-2010,Strategy,1290.01,0.0,0.0,1.0
36,Teamfight Tactics,2019.0,post-2010,Strategy,819313.7,584063.7,159.0,15.0
37,TEPPEN,2019.0,post-2010,Strategy,456721.5,0.0,12.0,1.0
38,UNO,2016.0,post-2010,Strategy,20000.0,20000.0,16.0,2.0
39,WarCraft III,2002.0,bw-2000-2010,Strategy,5811480.0,772608.9,558.0,1335.0
40,WarCraft III: Reforged,2020.0,post-2010,Strategy,354595.3,135259.5,80.0,65.0
41,"Warhammer 40,000: Dawn of War",2005.0,bw-2000-2010,Strategy,79816.5,0.0,7.0,3.0
42,"Warhammer 40,000: Dawn of War II",2009.0,bw-2000-2010,Strategy,0.0,0.0,0.0,0.0
43,Warparty,2019.0,post-2010,Strategy,1000.0,1000.0,4.0,1.0
44,Windjammers,1994.0,pre-2000,Strategy,4172.16,40.0,32.0,11.0
45,World in Conflict,2007.0,bw-2000-2010,Strategy,293338.2,0.0,38.0,11.0
46,World of Tanks,2010.0,bw-2000-2010,Strategy,3656497.0,58464.87,403.0,50.0
47,World of Tanks Blitz,2016.0,post-2010,Strategy,63330.0,3330.0,14.0,6.0
48,Aliens versus Predator 2,2001.0,bw-2000-2010,First-Person Shooter,40000.0,0.0,1.0,1.0
49,Battalion 1944,2018.0,post-2010,First-Person Shooter,185654.7,55790.79,114.0,21.0
50,Battlefield 1,2016.0,post-2010,First-Person Shooter,0.0,0.0,0.0,0.0
51,Battlefield 2,2005.0,bw-2000-2010,First-Person Shooter,91715.22,0.0,0.0,12.0
52,Battlefield 2142,2006.0,bw-2000-2010,First-Person Shooter,18546.14,0.0,0.0,4.0
53,Battlefield 3,2011.0,post-2010,First-Person Shooter,25407.46,0.0,5.0,7.0
54,Battlefield 4,2013.0,post-2010,First-Person Shooter,245766.5,33226.15,204.0,145.0
55,Battlefield 5,2018.0,post-2010,First-Person Shooter,0.0,0.0,0.0,0.0
56,Battlefield Hardline,2015.0,post-2010,First-Person Shooter,13463.28,0.0,20.0,1.0
57,Beat Aim,2019.0,post-2010,First-Person Shooter,430.0,430.0,12.0,6.0
58,Big Buck Hunter Arcade,2016.0,post-2010,First-Person Shooter,76200.0,0.0,3.0,1.0
59,Black Squad,2017.0,post-2010,First-Person Shooter,8480.72,8480.72,57.0,17.0
60,Borderlands 3,2019.0,post-2010,First-Person Shooter,50000.0,50000.0,16.0,1.0
61,Call of Duty,2003.0,bw-2000-2010,First-Person Shooter,50629.77,0.0,51.0,3.0
62,Call of Duty 2,2005.0,bw-2000-2010,First-Person Shooter,66828.51,5953.8,41.0,17.0
63,Call of Duty 4: Modern Warfare,2007.0,bw-2000-2010,First-Person Shooter,420331.5,32402.16,422.0,86.0
64,Call of Duty: Advanced Warfare,2014.0,post-2010,First-Person Shooter,2608809.0,344172.8,783.0,404.0
65,Call of Duty: Black Ops,2010.0,bw-2000-2010,First-Person Shooter,375793.5,28824.3,118.0,23.0
66,Call of Duty: Black Ops 2,2012.0,post-2010,First-Person Shooter,1467139.0,37067.62,184.0,53.0
67,Call of Duty: Black Ops 4,2018.0,post-2010,First-Person Shooter,6731939.0,95777.0,380.0,68.0
68,Call of Duty: Black Ops Cold War,2020.0,post-2010,First-Person Shooter,243600.0,243600.0,82.0,10.0
69,Call of Duty: Black Ops III,2015.0,post-2010,First-Person Shooter,3939783.0,156706.3,419.0,78.0
70,Call of Duty: Blackout,2018.0,post-2010,First-Person Shooter,611608.4,290600.0,175.0,18.0
71,Call of Duty: Ghosts,2013.0,post-2010,First-Person Shooter,1594185.0,89712.36,199.0,76.0
72,Call of Duty: Infinite Warfare,2016.0,post-2010,First-Person Shooter,4156205.0,106350.0,341.0,80.0
73,Call of Duty: Mobile,2019.0,post-2010,First-Person Shooter,0.0,0.0,0.0,0.0
74,Call of Duty: Modern Warfare,2019.0,post-2010,First-Person Shooter,6617285.0,5973722.0,257.0,45.0
75,Call of Duty: Modern Warfare 2,2009.0,bw-2000-2010,First-Person Shooter,112860.6,61850.0,59.0,18.0
76,Call of Duty: Modern Warfare 3,2011.0,post-2010,First-Person Shooter,1160816.0,15860.0,209.0,45.0
77,Call of Duty: Warzone,2020.0,post-2010,First-Person Shooter,2567489.0,2567489.0,579.0,99.0
78,Call of Duty: World War II,2017.0,post-2010,First-Person Shooter,4559271.0,60666.0,266.0,64.0
79,Counter-Strike,2000.0,bw-2000-2010,First-Person Shooter,13529661.0,713229.7,4141.0,997.0
80,Counter-Strike Online,2016.0,post-2010,First-Person Shooter,406989.6,0.0,70.0,12.0
81,Counter-Strike: Condition Zero,2004.0,bw-2000-2010,First-Person Shooter,162150.6,0.0,111.0,3.0
82,Counter-Strike: Global Offensive,2012.0,post-2010,First-Person Shooter,104000000.0,29146472.0,13180.0,5344.0
83,Counter-Strike: Source,2004.0,bw-2000-2010,First-Person Shooter,3117222.0,240456.3,1502.0,333.0
84,Critical Ops,2015.0,post-2010,First-Person Shooter,12606.41,10106.41,4.0,3.0
85,CrossFire,2007.0,bw-2000-2010,First-Person Shooter,6497845.0,621535.8,629.0,308.0
86,Crysis,2007.0,bw-2000-2010,First-Person Shooter,11340.95,0.0,0.0,2.0
87,Day of Defeat,2003.0,bw-2000-2010,First-Person Shooter,50300.0,0.0,37.0,3.0
88,Day of Defeat: Source,2005.0,bw-2000-2010,First-Person Shooter,14068.57,3782.1,50.0,8.0
89,Descent 3,1999.0,pre-2000,First-Person Shooter,50000.0,0.0,1.0,1.0
90,Diabotical,2020.0,post-2010,First-Person Shooter,86470.79,80828.7,207.0,47.0
91,Doom (2016),2016.0,post-2010,First-Person Shooter,7000.0,0.0,6.0,1.0
92,Doom 3,2004.0,bw-2000-2010,First-Person Shooter,257748.2,0.0,14.0,4.0
93,Doom II: Hell on Earth,1994.0,pre-2000,First-Person Shooter,4680.0,2480.0,11.0,6.0
94,Echo Arena,2017.0,post-2010,First-Person Shooter,0.0,0.0,0.0,0.0
95,Enemy Territory: Quake Wars,2007.0,bw-2000-2010,First-Person Shooter,60923.12,0.0,27.0,4.0
96,Escape from Tarkov,2020.0,post-2010,First-Person Shooter,114600.0,114600.0,150.0,4.0
97,Evolve,2015.0,post-2010,First-Person Shooter,131509.1,5454.95,110.0,33.0
98,F.E.A.R.,2005.0,bw-2000-2010,First-Person Shooter,178000.0,0.0,20.0,5.0
99,Ghost Recon Advanced Warfighter,2006.0,bw-2000-2010,First-Person Shooter,24000.0,0.0,0.0,2.0
100,Gray Basin,2015.0,post-2010,First-Person Shooter,0.0,0.0,0.0,0.0
101,Gundam Versus,2017.0,post-2010,First-Person Shooter,280.0,0.0,6.0,1.0
102,Guns of Boom,2017.0,post-2010,First-Person Shooter,198750.0,8750.0,8.0,21.0
103,Halo 2,2004.0,bw-2000-2010,First-Person Shooter,1489362.0,0.0,119.0,71.0
104,Halo 2 Anniversary,2014.0,post-2010,First-Person Shooter,468705.1,0.0,97.0,20.0
105,Halo 3,2007.0,bw-2000-2010,First-Person Shooter,2158079.0,6600.0,210.0,41.0
106,Halo 4,2012.0,post-2010,First-Person Shooter,430748.8,2250.0,66.0,19.0
107,Halo 5: Guardians,2015.0,post-2010,First-Person Shooter,7071481.0,288800.0,233.0,75.0
108,Halo: Combat Evolved,2001.0,bw-2000-2010,First-Person Shooter,299281.0,0.0,114.0,39.0
109,Halo: Infinite,2020.0,post-2010,First-Person Shooter,0.0,0.0,0.0,0.0
110,Halo: Reach,2010.0,bw-2000-2010,First-Person Shooter,822090.0,60000.0,101.0,29.0
111,Ironsight,2018.0,post-2010,First-Person Shooter,0.0,0.0,0.0,0.0
112,Islands of Nyne,2017.0,post-2010,First-Person Shooter,0.0,0.0,0.0,0.0
113,MechWarrior Online,2013.0,post-2010,First-Person Shooter,143490.0,0.0,0.0,1.0
114,Metal Gear Online,2008.0,bw-2000-2010,First-Person Shooter,8000.0,8000.0,37.0,8.0
115,Overwatch,2016.0,post-2010,First-Person Shooter,26049333.0,7822853.0,3494.0,743.0
116,Painkiller,2004.0,bw-2000-2010,First-Person Shooter,1015000.0,0.0,48.0,13.0
117,Paladins,2015.0,post-2010,First-Person Shooter,2174459.0,515458.6,568.0,70.0
118,Point Blank,2008.0,bw-2000-2010,First-Person Shooter,699167.8,109269.6,297.0,32.0
119,Quake 4,2005.0,bw-2000-2010,First-Person Shooter,556678.5,1890.0,100.0,52.0
120,Quake Champions,2017.0,post-2010,First-Person Shooter,2409118.0,288631.1,250.0,239.0
121,Quake II,1997.0,pre-2000,First-Person Shooter,140179.5,379.5,32.0,10.0
122,Quake III Arena,1999.0,pre-2000,First-Person Shooter,1137832.0,6569.58,243.0,100.0
123,Quake Live,2010.0,bw-2000-2010,First-Person Shooter,682294.0,82321.11,213.0,410.0
124,QuakeWorld,1996.0,pre-2000,First-Person Shooter,103251.7,5246.26,47.0,15.0
125,Rage,2011.0,post-2010,First-Person Shooter,5000.0,0.0,3.0,1.0
126,Rainbow Six Siege,2015.0,post-2010,First-Person Shooter,12691526.0,2624313.0,1568.0,234.0
127,Rainbow Six: Vegas,2006.0,bw-2000-2010,First-Person Shooter,176400.8,0.0,137.0,7.0
128,Rainbow Six: Vegas 2,2008.0,bw-2000-2010,First-Person Shooter,79000.0,0.0,0.0,8.0
129,Realm Royale,2018.0,post-2010,First-Person Shooter,263000.0,263000.0,47.0,9.0
130,Reflex,2015.0,post-2010,First-Person Shooter,2158.4,1994.74,21.0,7.0
131,Return to Castle Wolfenstein,2001.0,bw-2000-2010,First-Person Shooter,67424.3,0.0,30.0,3.0
132,S.K.I.L.L. - Special Force 2,2013.0,post-2010,First-Person Shooter,132532.9,15977.12,82.0,21.0
133,S.T.A.L.K.E.R.: Shadow of Chernobyl,2007.0,bw-2000-2010,First-Person Shooter,4901.26,0.0,0.0,1.0
134,Shadowrun,2007.0,bw-2000-2010,First-Person Shooter,24000.0,0.0,0.0,3.0
135,ShootMania Storm,2013.0,post-2010,First-Person Shooter,262090.7,3804.19,108.0,43.0
136,Special Force,2004.0,bw-2000-2010,First-Person Shooter,130250.0,0.0,0.0,3.0
137,Splatoon,2015.0,post-2010,First-Person Shooter,1390.0,1390.0,3.0,4.0
138,Splatoon 2,2017.0,post-2010,First-Person Shooter,10055.0,300.0,13.0,7.0
139,Star Wars Jedi Knight II: Jedi Outcast,2002.0,bw-2000-2010,First-Person Shooter,7679.25,0.0,0.0,1.0
140,Sudden Attack,2005.0,bw-2000-2010,First-Person Shooter,0.0,0.0,0.0,0.0
141,Team Fortress 2,2007.0,bw-2000-2010,First-Person Shooter,718078.8,324271.6,1364.0,197.0
142,Uncharted 4: A Thief's End,2016.0,post-2010,First-Person Shooter,46235.07,0.0,5.0,1.0
143,Unreal Tournament,1999.0,pre-2000,First-Person Shooter,89000.0,0.0,14.0,5.0
144,Unreal Tournament (2016),2016.0,post-2010,First-Person Shooter,5084.97,5084.97,82.0,8.0
145,Unreal Tournament 2003,2002.0,bw-2000-2010,First-Person Shooter,147473.9,0.0,33.0,14.0
146,Unreal Tournament 2004,2004.0,bw-2000-2010,First-Person Shooter,133969.3,0.0,41.0,12.0
147,Unreal Tournament 3,2007.0,bw-2000-2010,First-Person Shooter,104977.8,0.0,7.0,4.0
148,VALORANT,2020.0,post-2010,First-Person Shooter,1590799.0,1570663.0,1826.0,270.0
149,Warface,2013.0,post-2010,First-Person Shooter,109555.0,0.0,32.0,2.0
150,Warsow,2012.0,post-2010,First-Person Shooter,183.0,183.0,2.0,1.0
151,Wolfenstein: Enemy Territory,2003.0,bw-2000-2010,First-Person Shooter,140963.2,2586.37,152.0,18.0
152,Xonotic,2010.0,bw-2000-2010,First-Person Shooter,5489.65,5463.58,133.0,25.0
153,Zula,2015.0,post-2010,First-Person Shooter,100000.0,0.0,20.0,1.0
154,Arena of Valor,2015.0,post-2010,Multiplayer Online Battle Arena,15228711.0,629000.0,558.0,51.0
155,Battlerite,2016.0,post-2010,Multiplayer Online Battle Arena,65173.45,37173.45,86.0,75.0
156,Bloodline Champions,2011.0,post-2010,Multiplayer Online Battle Arena,41905.32,1055.32,43.0,12.0
157,Creative Destruction,2018.0,post-2010,Multiplayer Online Battle Arena,100000.0,100000.0,8.0,1.0
158,Defense of the Ancients,2003.0,bw-2000-2010,Multiplayer Online Battle Arena,857420.7,27761.97,468.0,94.0
159,Dofus,2004.0,bw-2000-2010,Multiplayer Online Battle Arena,0.0,0.0,0.0,0.0
160,Dota 2,2013.0,post-2010,Multiplayer Online Battle Arena,228000000.0,14708711.0,3876.0,1461.0
161,Heavy Metal Machines,2017.0,post-2010,Multiplayer Online Battle Arena,12339.33,12339.33,35.0,1.0
162,Heroes of Newerth,2010.0,bw-2000-2010,Multiplayer Online Battle Arena,2915207.0,1362317.0,813.0,371.0
163,Heroes of the Storm,2015.0,post-2010,Multiplayer Online Battle Arena,18188483.0,3992067.0,1253.0,475.0
164,Hyper Scape,2020.0,post-2010,Multiplayer Online Battle Arena,299000.0,299000.0,260.0,4.0
165,League of Legends,2009.0,bw-2000-2010,Multiplayer Online Battle Arena,81643220.0,7585178.0,7152.0,2481.0
166,Legend of Glory,2015.0,post-2010,Multiplayer Online Battle Arena,472.66,472.66,0.0,1.0
167,Minecraft,2011.0,post-2010,Multiplayer Online Battle Arena,429539.2,419539.2,84.0,20.0
168,MOBA Legends,2016.0,post-2010,Multiplayer Online Battle Arena,225.0,225.0,3.0,1.0
169,Mobile Legends: Bang Bang,2016.0,post-2010,Multiplayer Online Battle Arena,0.0,0.0,0.0,0.0
170,Shards of War,2015.0,post-2010,Multiplayer Online Battle Arena,1029.21,1029.21,20.0,1.0
171,SMITE,2014.0,post-2010,Multiplayer Online Battle Arena,8640113.0,767280.2,522.0,95.0
172,Splitgate: Arena Warfare,2019.0,post-2010,Multiplayer Online Battle Arena,50000.0,50000.0,64.0,2.0
173,Teeworlds,2007.0,bw-2000-2010,Multiplayer Online Battle Arena,0.0,0.0,0.0,0.0
174,Vainglory,2014.0,post-2010,Multiplayer Online Battle Arena,797421.2,100595.3,247.0,35.0
175,Blade & Soul,2012.0,post-2010,Role-Playing Game,409355.5,0.0,51.0,5.0
176,Guild Wars 2,2012.0,post-2010,Role-Playing Game,476005.5,126005.5,152.0,57.0
177,Old School Runescape,2013.0,post-2010,Role-Playing Game,422504.2,394004.2,66.0,22.0
178,Red Stone,2004.0,bw-2000-2010,Role-Playing Game,58000.0,0.0,12.0,2.0
179,Stardew Valley,2016.0,post-2010,Role-Playing Game,54250.0,54250.0,56.0,2.0
180,World of WarCraft,2004.0,bw-2000-2010,Role-Playing Game,4957838.0,341948.7,413.0,118.0
181,Acceleration of SUGURI 2,2018.0,post-2010,Fighting Game,310.0,100.0,6.0,2.0
182,Akatsuki Blitzkampf,2007.0,bw-2000-2010,Fighting Game,20.0,20.0,3.0,1.0
183,Aquapazza: Aquaplus Dream Match,2011.0,post-2010,Fighting Game,245.0,0.0,5.0,2.0
184,Arcana Heart 3,2009.0,bw-2000-2010,Fighting Game,1000.0,0.0,4.0,1.0
185,Arcana Heart 3: Love Max Six Stars!!!!!,2014.0,post-2010,Fighting Game,570.0,50.0,8.0,4.0
186,Arcana Heart 3: LOVE MAX!!!!!,2013.0,post-2010,Fighting Game,410.0,0.0,6.0,2.0
187,ARMS,2017.0,post-2010,Fighting Game,18248.09,4986.16,95.0,82.0
188,Asuka 120% LimitOver BURNING Fest.,1998.0,pre-2000,Fighting Game,10.0,10.0,3.0,1.0
189,Attack on Titan Tribute Game,2013.0,post-2010,Fighting Game,108650.0,108650.0,21.0,15.0
190,BlazBlue: Calamity Trigger,2008.0,bw-2000-2010,Fighting Game,35.0,0.0,3.0,1.0
191,BlazBlue: Central Fiction,2015.0,post-2010,Fighting Game,78879.26,296.84,86.0,38.0
192,BlazBlue: Chronophantasma,2012.0,post-2010,Fighting Game,37020.58,0.0,63.0,15.0
193,BlazBlue: Chronophantasma Extend,2015.0,post-2010,Fighting Game,4918.77,0.0,28.0,11.0
194,BlazBlue: Continuum Shift Extend,2011.0,post-2010,Fighting Game,0.0,0.0,3.0,1.0
195,BlazBlue: Continuum Shift II,2010.0,bw-2000-2010,Fighting Game,24591.01,0.0,14.0,5.0
196,BlazBlue: Cross Tag Battle,2018.0,post-2010,Fighting Game,82800.03,0.0,89.0,31.0
197,Brawlhalla,2015.0,post-2010,Fighting Game,1159994.0,467993.8,497.0,387.0
198,Brawlout,2017.0,post-2010,Fighting Game,0.0,0.0,0.0,0.0
199,Breakers Revenge,1998.0,pre-2000,Fighting Game,16.0,16.0,3.0,1.0
200,Capcom vs. SNK,2000.0,bw-2000-2010,Fighting Game,140.0,0.0,6.0,2.0
201,Capcom vs. SNK 2,2001.0,bw-2000-2010,Fighting Game,24186.79,0.0,36.0,19.0
202,Chaos Code: New Sign of Catastrophe,2013.0,post-2010,Fighting Game,140.0,0.0,3.0,1.0
203,Dead or Alive 4,2005.0,bw-2000-2010,Fighting Game,497745.3,0.0,45.0,13.0
204,Dead or Alive 5,2012.0,post-2010,Fighting Game,0.0,0.0,4.0,2.0
205,Dead or Alive 5 Ultimate,2013.0,post-2010,Fighting Game,0.0,0.0,37.0,7.0
206,Dead or Alive 5: Last Round,2015.0,post-2010,Fighting Game,8163.82,0.0,45.0,19.0
207,Dead or Alive 6,2019.0,post-2010,Fighting Game,64232.54,1010.0,63.0,18.0
208,Dead or Alive Ultimate,2004.0,bw-2000-2010,Fighting Game,30000.0,0.0,3.0,1.0
209,Def Jam: Fight for NY,2004.0,bw-2000-2010,Fighting Game,170.0,170.0,3.0,1.0
210,Dengeki Bunko: Fighting Climax,2014.0,post-2010,Fighting Game,60.0,0.0,3.0,1.0
211,Dengeki Bunko: Fighting Climax Ignition,2015.0,post-2010,Fighting Game,2852.8,185.5,31.0,10.0
212,Digimon Rumble Arena,2001.0,bw-2000-2010,Fighting Game,70.0,70.0,3.0,1.0
213,Divekick,2013.0,post-2010,Fighting Game,5840.0,0.0,27.0,11.0
214,Dragon Ball FighterZ,2018.0,post-2010,Fighting Game,337985.4,850.0,159.0,73.0
215,Dragon Ball Z: Budokai 3,2004.0,bw-2000-2010,Fighting Game,204.06,0.0,3.0,1.0
216,Duck Game,2014.0,post-2010,Fighting Game,250.0,250.0,3.0,1.0
217,Eternal Fighter Zero,2000.0,bw-2000-2010,Fighting Game,1311.6,1311.6,7.0,2.0
218,Fantasy Strike,2019.0,post-2010,Fighting Game,3860.0,1250.0,18.0,3.0
219,Fight of Animals,2019.0,post-2010,Fighting Game,580.68,580.68,7.0,3.0
220,Fighter's History Dynamite,1994.0,pre-2000,Fighting Game,195.0,0.0,3.0,1.0
221,Fighting EX Layer,2018.0,post-2010,Fighting Game,1642.96,10.0,16.0,7.0
222,Garou: Mark of the Wolves,1999.0,pre-2000,Fighting Game,658.71,145.0,13.0,4.0
223,Guilty Gear,1998.0,pre-2000,Fighting Game,32.0,0.0,3.0,1.0
224,Guilty Gear Xrd -REVELATOR-,2016.0,post-2010,Fighting Game,36437.43,0.0,61.0,19.0
225,Guilty Gear Xrd -SIGN-,2014.0,post-2010,Fighting Game,37445.66,0.0,80.0,38.0
226,Guilty Gear Xrd REV 2,2017.0,post-2010,Fighting Game,116634.7,80.0,101.0,49.0
227,Guilty Gear XX,2002.0,bw-2000-2010,Fighting Game,0.0,0.0,5.0,2.0
228,Guilty Gear XX #Reload,2003.0,bw-2000-2010,Fighting Game,0.0,0.0,3.0,1.0
229,Guilty Gear XX Accent Core,2007.0,bw-2000-2010,Fighting Game,10365.0,0.0,33.0,4.0
230,Guilty Gear XX Accent Core Plus,2008.0,bw-2000-2010,Fighting Game,0.0,0.0,3.0,1.0
231,Guilty Gear XX Accent Core Plus R,2012.0,post-2010,Fighting Game,4640.0,0.0,61.0,19.0
232,Guilty Gear XX Slash,2005.0,bw-2000-2010,Fighting Game,10250.0,0.0,6.0,2.0
233,Hokuto no Ken,2005.0,bw-2000-2010,Fighting Game,145.0,0.0,3.0,1.0
234,Hyper Street Fighter II,2003.0,bw-2000-2010,Fighting Game,10250.0,0.0,8.0,1.0
235,HYPERFIGHT,2019.0,post-2010,Fighting Game,50.0,50.0,3.0,1.0
236,Injustice 2,2017.0,post-2010,Fighting Game,835742.8,1432.59,81.0,37.0
237,Injustice: Gods Among Us,2013.0,post-2010,Fighting Game,35176.89,0.0,101.0,117.0
238,JoJo's Bizarre Adventure: Heritage for the Future,1999.0,pre-2000,Fighting Game,284.99,284.99,5.0,2.0
239,Kill la Kill the Game: IF,2019.0,post-2010,Fighting Game,920.0,150.0,12.0,4.0
240,Killer Instinct (2013),2013.0,post-2010,Fighting Game,224467.0,50.0,128.0,53.0
241,King of Fighters 2002 Unlimited Match,2009.0,bw-2000-2010,Fighting Game,760.0,0.0,6.0,2.0
242,King of Fighters 98,1998.0,pre-2000,Fighting Game,7945.57,0.0,7.0,3.0
243,King of Fighters XI,2005.0,bw-2000-2010,Fighting Game,25.0,0.0,3.0,1.0
244,King of Fighters XIII,2010.0,bw-2000-2010,Fighting Game,44724.28,0.0,107.0,43.0
245,King of Fighters XIV,2016.0,post-2010,Fighting Game,72902.09,860.0,90.0,37.0
246,Kirby Fighters 2,2020.0,post-2010,Fighting Game,222.86,222.86,4.0,1.0
247,Koihime Enbu,2016.0,post-2010,Fighting Game,1665.0,50.0,13.0,6.0
248,Lethal League Blaze,2018.0,post-2010,Fighting Game,5343.92,3666.17,25.0,11.0
249,Maiden & Spell,2020.0,post-2010,Fighting Game,200.0,200.0,3.0,1.0
250,Marvel vs. Capcom 2,2000.0,bw-2000-2010,Fighting Game,39060.0,10.0,60.0,28.0
251,Marvel vs. Capcom 3,2011.0,post-2010,Fighting Game,22343.62,0.0,38.0,12.0
252,Marvel vs. Capcom: Infinite,2017.0,post-2010,Fighting Game,42482.12,0.0,49.0,19.0
253,Melty Blood: Actress Again,2009.0,bw-2000-2010,Fighting Game,0.0,0.0,10.0,2.0
254,Melty Blood: Actress Again Current Code,2010.0,bw-2000-2010,Fighting Game,8587.76,2452.76,48.0,18.0
255,Million Arthur: Arcana Blood,2017.0,post-2010,Fighting Game,7430.0,10.0,9.0,3.0
256,Mordhau,2019.0,post-2010,Fighting Game,16623.0,16623.0,40.0,3.0
257,Mortal Kombat 11,2019.0,post-2010,Fighting Game,392602.3,38000.0,158.0,37.0
258,Mortal Kombat 9,2011.0,post-2010,Fighting Game,136891.7,0.0,67.0,26.0
259,Mortal Kombat vs. DC Universe,2008.0,bw-2000-2010,Fighting Game,0.0,0.0,3.0,1.0
260,Mortal Kombat X,2015.0,post-2010,Fighting Game,523532.4,0.0,100.0,62.0
261,Mortal Kombat XL,2016.0,post-2010,Fighting Game,129203.8,0.0,50.0,17.0
262,Mystery Game Tournament,2019.0,post-2010,Fighting Game,10995.0,0.0,56.0,8.0
263,Naruto Shippuden: Ultimate Ninja Storm 4,2016.0,post-2010,Fighting Game,4550.0,2550.0,7.0,5.0
264,Naruto: Gekitou Ninja Taisen! 4,2005.0,bw-2000-2010,Fighting Game,200.0,200.0,3.0,1.0
265,Nitroplus Blasterz: Heroines Infinite Duel,2015.0,post-2010,Fighting Game,1994.0,0.0,10.0,4.0
266,Persona 4 Arena,2012.0,post-2010,Fighting Game,6336.63,0.0,42.0,11.0
267,Persona 4 Arena Ultimax,2013.0,post-2010,Fighting Game,18828.16,0.0,58.0,19.0
268,Pocket Rumble,2016.0,post-2010,Fighting Game,60.0,60.0,3.0,1.0
269,Pokken Tournament,2016.0,post-2010,Fighting Game,77016.66,45.0,62.0,25.0
270,Pokken Tournament DX,2017.0,post-2010,Fighting Game,20275.4,211.4,43.0,26.0
271,Power Instinct: Matrimelee,2002.0,bw-2000-2010,Fighting Game,50.0,50.0,3.0,1.0
272,Power Rangers: Battle for the Grid,2019.0,post-2010,Fighting Game,1390.0,860.0,11.0,4.0
273,Power Rangers: Legacy Wars,2017.0,post-2010,Fighting Game,4178.55,0.0,2.0,1.0
274,Project Justice,2000.0,bw-2000-2010,Fighting Game,165.0,0.0,3.0,1.0
275,Project M,2010.0,bw-2000-2010,Fighting Game,205292.1,0.0,560.0,335.0
276,Project Plus,2019.0,post-2010,Fighting Game,20.0,20.0,3.0,1.0
277,Punch Planet,2017.0,post-2010,Fighting Game,300.0,300.0,3.0,1.0
278,Rising Thunder,2015.0,post-2010,Fighting Game,1000.0,0.0,3.0,1.0
279,Rivals of Aether,2015.0,post-2010,Fighting Game,38868.62,2131.62,48.0,18.0
280,Roof Rage,2019.0,post-2010,Fighting Game,50.0,50.0,3.0,1.0
281,Sailor Moon S,1995.0,pre-2000,Fighting Game,3201.19,10.0,18.0,11.0
282,Samurai Shodown (2019),2019.0,post-2010,Fighting Game,68009.91,0.0,58.0,15.0
283,Samurai Shodown III,1995.0,pre-2000,Fighting Game,30.0,30.0,3.0,1.0
284,Samurai Shodown V Special,2004.0,bw-2000-2010,Fighting Game,590.57,100.46,15.0,5.0
285,Schwarzerblitz,2020.0,post-2010,Fighting Game,100.0,100.0,3.0,1.0
286,Sekiro: Shadows Die Twice,2019.0,post-2010,Fighting Game,19596.0,19596.0,20.0,1.0
287,Shovel Knight Showdown,2019.0,post-2010,Fighting Game,60.0,0.0,3.0,1.0
288,Shrek SuperSlam,2005.0,bw-2000-2010,Fighting Game,50.0,50.0,3.0,1.0
289,Skullgirls,2012.0,post-2010,Fighting Game,300.0,0.0,3.0,1.0
290,Skullgirls 2nd Encore,2015.0,post-2010,Fighting Game,18321.0,450.0,34.0,12.0
291,Skullgirls Encore,2014.0,post-2010,Fighting Game,9155.4,0.0,37.0,13.0
292,Slap City,2018.0,post-2010,Fighting Game,300.0,300.0,3.0,1.0
293,SLAYERS FOR HIRE,2020.0,post-2010,Fighting Game,500.0,500.0,8.0,1.0
294,Smash Remix,2019.0,post-2010,Fighting Game,299.06,299.06,4.0,1.0
295,SNK Heroines: Tag Team Frenzy,2018.0,post-2010,Fighting Game,430.0,0.0,3.0,1.0
296,Soul Calibur II,2003.0,bw-2000-2010,Fighting Game,4790.0,0.0,15.0,7.0
297,Soul Calibur II HD Online,2013.0,post-2010,Fighting Game,945.41,0.0,29.0,5.0
298,Soul Calibur IV,2008.0,bw-2000-2010,Fighting Game,100260.0,0.0,4.0,3.0
299,Soul Calibur V,2012.0,post-2010,Fighting Game,60008.54,0.0,78.0,26.0
300,Soul Calibur VI,2018.0,post-2010,Fighting Game,109895.2,15100.0,101.0,49.0
301,Street Fighter Alpha 2,1996.0,pre-2000,Fighting Game,1390.0,0.0,17.0,8.0
302,Street Fighter Alpha 3,1998.0,pre-2000,Fighting Game,300.0,0.0,15.0,4.0
303,Street Fighter EX2 Plus,1999.0,pre-2000,Fighting Game,350.0,0.0,5.0,2.0
304,Street Fighter III: 3rd Strike,1999.0,pre-2000,Fighting Game,49378.86,100.0,83.0,35.0
305,Street Fighter IV,2009.0,bw-2000-2010,Fighting Game,7938.22,0.0,41.0,12.0
306,Street Fighter V,2016.0,post-2010,Fighting Game,2202726.0,0.0,233.0,120.0
307,Street Fighter V: Arcade Edition,2018.0,post-2010,Fighting Game,2017136.0,850.0,229.0,100.0
308,Street Fighter V: Champion Edition,2020.0,post-2010,Fighting Game,33628.66,0.0,10.0,2.0
309,Street Fighter X Tekken,2012.0,post-2010,Fighting Game,84090.64,861.3,115.0,93.0
310,Super Smash Bros.,1999.0,pre-2000,Fighting Game,68082.81,40.0,234.0,123.0
311,Super Smash Bros. Brawl,2008.0,bw-2000-2010,Fighting Game,246715.8,0.0,499.0,344.0
312,Super Smash Bros. for Wii U,2014.0,post-2010,Fighting Game,1511976.0,1900.0,1264.0,1022.0
313,Super Smash Bros. Melee,2001.0,bw-2000-2010,Fighting Game,3212403.0,33417.71,1881.0,2611.0
314,Super Smash Bros. Ultimate,2018.0,post-2010,Fighting Game,1355549.0,145502.1,1895.0,1231.0
315,Super Street Fighter II Turbo,1994.0,pre-2000,Fighting Game,23678.05,0.0,104.0,44.0
316,Super Street Fighter II Turbo HD Remix,2008.0,bw-2000-2010,Fighting Game,16360.0,0.0,29.0,8.0
317,Super Street Fighter IV,2010.0,bw-2000-2010,Fighting Game,20877.3,0.0,40.0,16.0
318,Super Street Fighter IV Arcade Edition,2010.0,bw-2000-2010,Fighting Game,343878.1,0.0,153.0,202.0
319,Tatsunoko vs. Capcom: Ultimate All-Stars,2010.0,bw-2000-2010,Fighting Game,1330.81,0.0,13.0,8.0
320,Teenage Mutant Ninja Turtles: Tournament Fighters,1993.0,pre-2000,Fighting Game,820.0,0.0,7.0,2.0
321,Tekken 4,2001.0,bw-2000-2010,Fighting Game,12500.0,0.0,4.0,4.0
322,Tekken 5,2004.0,bw-2000-2010,Fighting Game,10250.0,0.0,10.0,9.0
323,Tekken 5: Dark Resurrection,2006.0,bw-2000-2010,Fighting Game,12180.0,0.0,18.0,5.0
324,Tekken 6,2007.0,bw-2000-2010,Fighting Game,119874.6,0.0,59.0,30.0
325,Tekken 7,2015.0,post-2010,Fighting Game,1687721.0,18542.6,425.0,235.0
326,Tekken Tag Tournament,1999.0,pre-2000,Fighting Game,0.0,0.0,7.0,4.0
327,Tekken Tag Tournament 2,2011.0,post-2010,Fighting Game,125965.7,0.0,142.0,138.0
328,The Last Blade 2,1998.0,pre-2000,Fighting Game,20.0,20.0,3.0,1.0
329,Them's Fightin' Herds,2018.0,post-2010,Fighting Game,580.0,50.0,10.0,4.0
330,Touhou Hisoutensoku ~ Choudokyuu Ginyoru no Nazo o Oe,2009.0,bw-2000-2010,Fighting Game,1555.01,1335.01,12.0,3.0
331,TowerFall: Ascension,2013.0,post-2010,Fighting Game,0.0,0.0,0.0,0.0
332,Ultimate Marvel vs. Capcom 3,2011.0,post-2010,Fighting Game,116733.2,0.0,190.0,169.0
333,Ultimate Mortal Kombat 3,1995.0,pre-2000,Fighting Game,150.0,0.0,6.0,2.0
334,Ultra Fight Da! Kyanta 2,2019.0,post-2010,Fighting Game,320.0,0.0,3.0,1.0
335,Ultra Street Fighter IV,2014.0,post-2010,Fighting Game,816713.5,40.0,231.0,229.0
336,Umineko: Golden Fantasia,2010.0,bw-2000-2010,Fighting Game,140.0,50.0,6.0,2.0
337,Under Night In-Birth EXE: Late,2014.0,post-2010,Fighting Game,6025.76,0.0,52.0,23.0
338,Under Night In-Birth EXE: Late[st],2015.0,post-2010,Fighting Game,46553.33,0.0,98.0,34.0
339,Under Night In-Birth Exe:Late[cl-r],2020.0,post-2010,Fighting Game,1050.0,50.0,7.0,2.0
340,Vampire Savior,1997.0,pre-2000,Fighting Game,9185.95,1147.21,32.0,18.0
341,Virtua Fighter 4: Evolution,2002.0,bw-2000-2010,Fighting Game,0.0,0.0,6.0,3.0
342,Virtua Fighter 5,2007.0,bw-2000-2010,Fighting Game,39830.0,0.0,14.0,7.0
343,Virtua Fighter 5 Final Showdown,2010.0,bw-2000-2010,Fighting Game,573.77,0.0,28.0,6.0
344,WWE 2K20,2019.0,post-2010,Fighting Game,50000.0,50000.0,20.0,2.0
345,Asphalt 4,2008.0,bw-2000-2010,Racing,29500.0,0.0,5.0,2.0
346,Asphalt 9: Legends,2018.0,post-2010,Racing,51520.0,0.0,5.0,2.0
347,Assetto Corsa,2014.0,post-2010,Racing,338474.4,129279.6,125.0,36.0
348,Assetto Corsa Competizione,2018.0,post-2010,Racing,5338.0,5338.0,10.0,13.0
349,Dirt Rally 2.0,2019.0,post-2010,Racing,10000.0,0.0,5.0,2.0
350,F1 2018,2018.0,post-2010,Racing,200000.0,0.0,21.0,1.0
351,F1 2019,2019.0,post-2010,Racing,538047.4,0.0,25.0,2.0
352,F1 2020,2020.0,post-2010,Racing,1947.0,1947.0,19.0,1.0
353,Forza Motorsport 2,2007.0,bw-2000-2010,Racing,222000.0,0.0,17.0,2.0
354,Forza Motorsport 3,2009.0,bw-2000-2010,Racing,11000.0,0.0,3.0,2.0
355,Forza Motorsport 4,2011.0,post-2010,Racing,132.37,0.0,2.0,1.0
356,Forza Motorsport 6,2015.0,post-2010,Racing,172600.0,2400.0,43.0,9.0
357,Forza Motorsport 7,2017.0,post-2010,Racing,820200.0,204000.0,124.0,12.0
358,Gran Turismo 3: A-Spec,2001.0,bw-2000-2010,Racing,3250.0,0.0,4.0,2.0
359,Gran Turismo 4,2004.0,bw-2000-2010,Racing,44000.0,0.0,5.0,2.0
360,Gran Turismo Sport,2017.0,post-2010,Racing,27511.0,0.0,75.0,7.0
361,GRID (2019),2019.0,post-2010,Racing,218.75,0.0,3.0,1.0
362,iRacing.com,2008.0,bw-2000-2010,Racing,1450129.0,1321135.0,823.0,105.0
363,KartRider,2004.0,bw-2000-2010,Racing,567366.4,0.0,76.0,20.0
364,Live for Speed,2003.0,bw-2000-2010,Racing,11599.14,2380.0,22.0,9.0
365,Mad Skills Motocross 2,2017.0,post-2010,Racing,20163.0,0.0,12.0,1.0
366,Mario Kart 8 Deluxe,2017.0,post-2010,Racing,1754.44,0.0,30.0,4.0
367,NASCAR Heat 4,2019.0,post-2010,Racing,200500.0,200500.0,34.0,5.0
368,NASCAR Thunder 2002,2001.0,bw-2000-2010,Racing,7679.25,0.0,0.0,1.0
369,NASCAR Thunder 2003,2002.0,bw-2000-2010,Racing,5933.5,0.0,0.0,1.0
370,Need for Speed Carbon,2006.0,bw-2000-2010,Racing,36322.58,0.0,12.0,4.0
371,Need for Speed: Most Wanted,2005.0,bw-2000-2010,Racing,35694.54,0.0,18.0,7.0
372,Need for Speed: ProStreet,2007.0,bw-2000-2010,Racing,32208.46,0.0,12.0,3.0
373,Need for Speed: Shift,2009.0,bw-2000-2010,Racing,10500.0,0.0,3.0,1.0
374,Need for Speed: Underground,2003.0,bw-2000-2010,Racing,35000.0,0.0,3.0,1.0
375,Need for Speed: Underground 2,2004.0,bw-2000-2010,Racing,35629.48,0.0,8.0,3.0
376,Project Cars,2015.0,post-2010,Racing,67908.21,57305.5,50.0,113.0
377,Project Cars 2,2017.0,post-2010,Racing,66150.0,8000.0,37.0,22.0
378,Project Gotham Racing 2,2003.0,bw-2000-2010,Racing,35000.0,0.0,4.0,2.0
379,Project Gotham Racing 3,2005.0,bw-2000-2010,Racing,297286.9,0.0,33.0,10.0
380,Project Gotham Racing 4,2007.0,bw-2000-2010,Racing,25208.46,0.0,5.0,4.0
381,RaceRoom Racing Experience,2013.0,post-2010,Racing,144863.7,70755.0,143.0,20.0
382,rFactor,2005.0,bw-2000-2010,Racing,15083.56,15083.56,51.0,4.0
383,rFactor 2,2013.0,post-2010,Racing,1224920.0,160308.3,196.0,43.0
384,Speedrunners,2016.0,post-2010,Racing,50.0,50.0,3.0,1.0
385,Trackmania (2020),2020.0,post-2010,Racing,57379.27,57379.27,85.0,46.0
386,TrackMania 2: Canyon,2011.0,post-2010,Racing,22098.74,5539.7,21.0,36.0
387,TrackMania 2: Stadium,2013.0,post-2010,Racing,198363.9,90723.54,345.0,281.0
388,Trackmania 2: Valley,2013.0,post-2010,Racing,779.34,0.0,6.0,2.0
389,TrackMania Nations,2006.0,bw-2000-2010,Racing,93381.66,40000.0,18.0,8.0
390,TrackMania Nations Forever,2008.0,bw-2000-2010,Racing,167386.7,20831.9,109.0,73.0
391,Trackmania Turbo,2016.0,post-2010,Racing,679.41,679.41,6.0,2.0
392,Trackmania United,2006.0,bw-2000-2010,Racing,1027.5,0.0,3.0,1.0
393,Trackmania United Forever,2008.0,bw-2000-2010,Racing,0.0,0.0,0.0,0.0
394,Trials Fusion,2014.0,post-2010,Racing,0.0,0.0,0.0,0.0
395,Turbo Racing League,2013.0,post-2010,Racing,1000000.0,500000.0,16.0,9.0
396,Carom 3D,1999.0,pre-2000,Sports,60500.0,0.0,11.0,4.0
397,Dream league Soccer,2019.0,post-2010,Sports,0.0,0.0,0.0,0.0
398,FIFA 03,2002.0,bw-2000-2010,Sports,54066.44,0.0,10.0,3.0
399,FIFA 04,2003.0,bw-2000-2010,Sports,40000.0,0.0,3.0,3.0
400,FIFA 05,2004.0,bw-2000-2010,Sports,57728.01,0.0,5.0,8.0
401,FIFA 06,2005.0,bw-2000-2010,Sports,112464.5,0.0,23.0,12.0
402,FIFA 07,2006.0,bw-2000-2010,Sports,237812.2,0.0,42.0,13.0
403,FIFA 08,2007.0,bw-2000-2010,Sports,207129.9,0.0,68.0,17.0
404,FIFA 09,2008.0,bw-2000-2010,Sports,121618.3,6296.92,52.0,19.0
405,FIFA 10,2009.0,bw-2000-2010,Sports,117026.7,26879.5,64.0,48.0
406,FIFA 11,2010.0,bw-2000-2010,Sports,93983.77,8829.75,72.0,78.0
407,FIFA 12,2011.0,post-2010,Sports,54431.52,7152.1,53.0,66.0
408,FIFA 13,2012.0,post-2010,Sports,458427.8,10232.23,53.0,62.0
409,FIFA 14,2013.0,post-2010,Sports,96347.81,8970.33,57.0,69.0
410,FIFA 15,2014.0,post-2010,Sports,144374.0,27934.84,169.0,352.0
411,FIFA 16,2015.0,post-2010,Sports,117828.1,944.17,61.0,28.0
412,FIFA 17,2016.0,post-2010,Sports,1482613.0,0.0,156.0,48.0
413,FIFA 18,2017.0,post-2010,Sports,2233698.0,12430.61,238.0,48.0
414,FIFA 19,2018.0,post-2010,Sports,3242642.0,9614.51,303.0,48.0
415,FIFA 20,2019.0,post-2010,Sports,1813714.0,751322.7,275.0,54.0
416,FIFA 2000,1999.0,pre-2000,Sports,50000.0,0.0,4.0,1.0
417,FIFA 2001,2000.0,bw-2000-2010,Sports,46000.0,0.0,9.0,2.0
418,FIFA 2002 World Cup,2002.0,bw-2000-2010,Sports,43000.0,0.0,8.0,1.0
419,FIFA 21,2020.0,post-2010,Sports,0.0,0.0,0.0,0.0
420,FIFA Online 3,2012.0,post-2010,Sports,1434342.0,0.0,89.0,9.0
421,FIFA Online 4,2018.0,post-2010,Sports,729240.0,50000.0,102.0,5.0
422,Guitar Hero 5,2009.0,bw-2000-2010,Sports,10500.0,0.0,3.0,1.0
423,Guitar Hero III: Legends of Rock,2007.0,bw-2000-2010,Sports,19000.0,0.0,8.0,2.0
424,Guitar Hero: World Tour,2008.0,bw-2000-2010,Sports,0.0,0.0,0.0,0.0
425,Just Dance 2014,2014.0,post-2010,Sports,0.0,0.0,3.0,1.0
426,Madden NFL 19,2018.0,post-2010,Sports,125000.0,0.0,5.0,3.0
427,Madden NFL 2004,2003.0,bw-2000-2010,Sports,1500.0,0.0,3.0,1.0
428,Madden NFL 2006,2005.0,bw-2000-2010,Sports,100000.0,0.0,1.0,1.0
429,Madden NFL 2007,2006.0,bw-2000-2010,Sports,100000.0,0.0,1.0,1.0
430,Madden NFL 2008,2007.0,bw-2000-2010,Sports,100000.0,0.0,1.0,1.0
431,Madden NFL 2009,2008.0,bw-2000-2010,Sports,100000.0,0.0,1.0,1.0
432,Madden NFL 2013,2012.0,post-2010,Sports,400000.0,0.0,8.0,1.0
433,Madden NFL 2016,2015.0,post-2010,Sports,50000.0,0.0,8.0,1.0
434,Madden NFL 2017,2016.0,post-2010,Sports,1004000.0,0.0,42.0,5.0
435,Madden NFL 2018,2017.0,post-2010,Sports,279676.6,259000.0,40.0,3.0
436,Mario Tennis Aces,2018.0,post-2010,Sports,61.3,61.3,6.0,2.0
437,NBA 2K Online,2012.0,post-2010,Sports,0.0,0.0,0.0,0.0
438,NBA 2K18,2017.0,post-2010,Sports,1000000.0,0.0,91.0,4.0
439,NBA 2K19,2018.0,post-2010,Sports,0.0,0.0,0.0,0.0
440,NHL '94,1993.0,pre-2000,Sports,3818.56,0.0,25.0,8.0
441,NHL 12,2011.0,post-2010,Sports,702.93,0.0,6.0,2.0
442,NHL 13,2012.0,post-2010,Sports,70000.0,0.0,1.0,1.0
443,NHL 14,2013.0,post-2010,Sports,3023.96,0.0,6.0,3.0
444,NHL 15,2014.0,post-2010,Sports,3157.16,0.0,3.0,3.0
445,NHL 17,2016.0,post-2010,Sports,0.0,0.0,0.0,0.0
446,NHL 18,2017.0,post-2010,Sports,102700.0,12700.0,20.0,6.0
447,NHL 19,2018.0,post-2010,Sports,22566.67,3000.0,10.0,8.0
448,Pro Evolution Soccer 2008,2007.0,bw-2000-2010,Sports,2084.15,0.0,6.0,3.0
449,Pro Evolution Soccer 2009,2008.0,bw-2000-2010,Sports,1395.97,1395.97,5.0,2.0
450,Pro Evolution Soccer 2013,2012.0,post-2010,Sports,0.0,0.0,0.0,0.0
451,Pro Evolution Soccer 2014,2013.0,post-2010,Sports,29410.25,0.0,4.0,1.0
452,Pro Evolution Soccer 2015,2014.0,post-2010,Sports,26544.76,0.0,3.0,1.0
453,Pro Evolution Soccer 2016,2015.0,post-2010,Sports,27243.84,0.0,17.0,6.0
454,Pro Evolution Soccer 2017,2016.0,post-2010,Sports,514697.7,0.0,39.0,16.0
455,Pro Evolution Soccer 2018,2017.0,post-2010,Sports,250000.0,0.0,20.0,3.0
456,Pro Evolution Soccer 2019,2019.0,post-2010,Sports,216000.0,0.0,25.0,2.0
457,Pro Evolution Soccer 3,2003.0,bw-2000-2010,Sports,25000.0,0.0,8.0,2.0
458,Pro Evolution Soccer 4,2004.0,bw-2000-2010,Sports,40550.64,0.0,11.0,2.0
459,Pro Evolution Soccer 5,2005.0,bw-2000-2010,Sports,32000.0,0.0,4.0,1.0
460,Pro Evolution Soccer 6,2006.0,bw-2000-2010,Sports,20216.82,0.0,5.0,2.0
461,Rocket League,2015.0,post-2010,Sports,9172179.0,5088314.0,1096.0,1090.0
462,Soccer Stars,2018.0,post-2010,Sports,0.0,0.0,0.0,0.0
463,Artifact,2018.0,post-2010,Collectible Card Game,119168.5,107532.7,275.0,166.0
464,Artifact 2.0,2020.0,post-2010,Collectible Card Game,221.2,221.2,5.0,5.0
465,Faeria,2017.0,post-2010,Collectible Card Game,4100.0,4100.0,12.0,5.0
466,Gwent,2016.0,post-2010,Collectible Card Game,841757.2,86366.0,320.0,110.0
467,Hand of the Gods,2017.0,post-2010,Collectible Card Game,94434.2,21934.2,48.0,36.0
468,Hearthstone,2014.0,post-2010,Collectible Card Game,23651978.0,5169799.0,2431.0,901.0
469,Legends of Runeterra,2020.0,post-2010,Collectible Card Game,118481.0,118481.0,30.0,5.0
470,Magic: The Gathering Arena,2018.0,post-2010,Collectible Card Game,6012000.0,658000.0,241.0,38.0
471,Magic: The Gathering Online,2002.0,bw-2000-2010,Collectible Card Game,1218000.0,0.0,130.0,10.0
472,Pokemon TCG,1996.0,pre-2000,Collectible Card Game,0.0,0.0,0.0,0.0
473,Shadowverse,2016.0,post-2010,Collectible Card Game,3211177.0,130800.0,239.0,42.0
474,Shardbound,2017.0,post-2010,Collectible Card Game,0.0,0.0,0.0,0.0
475,The Elder Scrolls: Legends,2017.0,post-2010,Collectible Card Game,5000.0,0.0,3.0,1.0
476,Yu-Gi-Oh! Duel Links,2016.0,post-2010,Collectible Card Game,48746.72,48746.72,328.0,219.0
477,Catherine,2011.0,post-2010,Puzzle Game,1545.0,75.0,11.0,7.0
478,Catherine: Full Body,2019.0,post-2010,Puzzle Game,185.0,0.0,3.0,1.0
479,Cultris II,2011.0,post-2010,Puzzle Game,190.95,190.95,3.0,1.0
480,Jstris,2014.0,post-2010,Puzzle Game,225.0,225.0,8.0,1.0
481,Magical Drop III,1997.0,pre-2000,Puzzle Game,130.0,0.0,3.0,1.0
482,Pac-man,1981.0,pre-2000,Puzzle Game,0.0,0.0,0.0,0.0
483,Panel Attack,2020.0,post-2010,Puzzle Game,40.0,40.0,3.0,1.0
484,Puyo Puyo Champions,2019.0,post-2010,Puzzle Game,2482.3,410.5,14.0,5.0
485,Puyo Puyo Tetris,2014.0,post-2010,Puzzle Game,3422.84,1805.09,31.0,16.0
486,Tetr.io,2020.0,post-2010,Puzzle Game,2718.1,2718.1,13.0,10.0
487,Tetris,1989.0,pre-2000,Puzzle Game,16026.38,526.38,27.0,7.0
488,Tetris Ultimate,2014.0,post-2010,Puzzle Game,221.0,0.0,3.0,1.0
489,Twinkle Star Sprites,1996.0,pre-2000,Puzzle Game,100.0,100.0,3.0,1.0
490,Wise Star 2,2008.0,bw-2000-2010,Puzzle Game,12000.0,0.0,3.0,1.0
491,Apex Legends,2019.0,post-2010,Battle Royale,4528142.0,2513721.0,1166.0,249.0
492,Fall Guys,2020.0,post-2010,Battle Royale,284273.8,284273.8,240.0,5.0
493,Fortnite,2017.0,post-2010,Battle Royale,99349617.0,57224995.0,4453.0,672.0
494,Free Fire,2017.0,post-2010,Battle Royale,1306392.0,380150.0,323.0,15.0
495,H1Z1,2016.0,post-2010,Battle Royale,2067122.0,0.0,119.0,13.0
496,PLAYERUNKNOWN'S BATTLEGROUNDS Mobile,2017.0,post-2010,Battle Royale,3839853.0,1111350.0,1081.0,40.0
497,PLAYERUNKNOWNâ€™S BATTLEGROUNDS,2017.0,post-2010,Battle Royale,24591304.0,4889778.0,2822.0,301.0
498,Radical Heights,2018.0,post-2010,Battle Royale,120000.0,120000.0,12.0,2.0
499,Ring of Elysium,2018.0,post-2010,Battle Royale,70000.0,70000.0,9.0,4.0
500,Rocket Arena,2020.0,post-2010,Battle Royale,100000.0,100000.0,24.0,3.0
501,Rules Of Survival,2017.0,post-2010,Battle Royale,0.0,0.0,0.0,0.0
502,Spellbreak,2020.0,post-2010,Battle Royale,50000.0,50000.0,42.0,1.0
503,Gears 5,2019.0,post-2010,Third-Person Shooter,1223000.0,543000.0,140.0,18.0
504,Gears of War,2006.0,bw-2000-2010,Third-Person Shooter,252195.6,0.0,33.0,18.0
505,Gears of War 2,2008.0,bw-2000-2010,Third-Person Shooter,135000.0,0.0,0.0,5.0
506,Gears of War 3,2011.0,post-2010,Third-Person Shooter,7255.81,2700.0,13.0,4.0
507,Gears of War 4,2016.0,post-2010,Third-Person Shooter,3087285.0,32285.0,135.0,41.0
508,Gears of War: Ultimate Edition,2015.0,post-2010,Third-Person Shooter,170000.0,0.0,39.0,3.0
509,The Division 2,2019.0,post-2010,Third-Person Shooter,27250.0,27250.0,40.0,2.0
