id,Name,Type,Sugar Free?,Calories,Fat (g),Protein (g),Carbohydrate (g),Sugars (g),Sodium (mg),Caffeine (mg),Serving Weight (g),Serving Description (fl oz),200 Calorie Weight (g)
1,Acai Berry Drink Fortified,Juice,FALSE,62.0,0.83,0.83,12.83,11.1,13.0,0.0,266.0,8.0,322.581
2,Acerola Juice Raw,Juice,FALSE,23.0,0.3,0.4,4.8,4.5,3.0,0.0,242.0,16.0,869.565
3,Almond Milk Unsweetened,Milk,TRUE,15.0,1.1,0.59,0.58,0.0,71.0,0.0,244.0,16.0,1333.333
4,Aloe Vera Juice Drink Fortified With Vitamin C,Juice,FALSE,15.0,0.0,0.0,3.75,3.75,8.0,0.0,240.0,8.0,1333.333
5,Apple Juice,Juice,FALSE,46.0,0.13,0.1,11.3,9.62,4.0,0.0,248.0,16.0,434.783
6,Apricot Nectar Canned Without Added Ascorbic Acid,Juice,FALSE,56.0,0.45,0.17,13.63,12.79,8.0,0.0,251.0,16.0,357.143
7,Arizona Tea Ready-To-Drink Lemon,Juice,FALSE,39.0,0.0,0.0,9.77,9.63,4.0,5.0,30.6,1.0,512.821
8,Black Tea (Brewed),Tea,TRUE,1.0,0.0,0.0,0.3,0.0,3.0,20.0,29.6,1.0,20000.0
9,Black Tea (Ready To Drink),Tea,TRUE,0.0,0.0,0.0,0.0,0.0,2.0,11.0,473.0,16.0,0.0
10,Bottled Water,Water,TRUE,0.0,0.0,0.0,0.0,0.0,2.0,0.0,29.6,1.0,0.0
11,Brewed Coffee,Coffee,TRUE,2.0,0.0,0.3,0.17,0.0,1.0,37.0,248.0,16.0,10000.0
12,Brewed Coffee Half-Caffeinted,Coffee,TRUE,0.0,0.01,0.11,0.0,0.0,2.0,20.0,30.0,1.0,0.0
13,Buttermilk,Milk,FALSE,62.0,3.31,3.21,4.88,4.88,105.0,0.0,245.0,16.0,322.581
14,Cafe Con Leche,Coffee,FALSE,39.0,1.08,1.64,5.64,4.93,28.0,104.0,31.0,1.0,512.821
15,Cafe Con Leche Decaffeinated,Coffee,FALSE,39.0,1.09,1.65,5.72,5.01,29.0,0.0,31.0,1.0,512.821
16,Cafe Mocha,Coffee,FALSE,64.0,1.53,2.52,10.15,9.42,52.0,33.0,31.0,1.0,312.5
17,Cafe Mocha Decaffeinated,Coffee,FALSE,64.0,1.53,2.52,10.15,9.42,52.0,2.0,31.0,1.0,312.5
18,Cafe Mocha Decaffeinated Nonfat,Coffee,FALSE,52.0,0.09,2.57,10.27,9.45,48.0,2.0,31.0,1.0,384.615
19,Cafe Mocha Decaffeinated With Non-Dairy Milk,Coffee,FALSE,57.0,0.98,1.16,10.86,9.33,58.0,2.0,31.0,1.0,350.877
20,Cafe Mocha Nonfat,Coffee,FALSE,52.0,0.09,2.56,10.23,9.4,48.0,34.0,31.0,1.0,384.615
21,Cafe Mocha With Non-Dairy Milk,Coffee,FALSE,57.0,0.98,1.16,10.81,9.28,58.0,34.0,31.0,1.0,350.877
22,Caffeine Free Cola,Soda,FALSE,41.0,0.0,0.0,10.58,10.58,4.0,0.0,30.7,1.0,487.805
23,Canned Coffee Light,Coffee,FALSE,35.0,0.72,1.25,5.89,5.97,18.0,24.0,30.0,1.0,571.429
24,Cappuccino,Coffee,FALSE,27.0,1.03,1.68,2.7,2.55,27.0,36.0,30.0,1.0,740.741
25,Cappuccino Decaffeinated,Coffee,FALSE,27.0,1.03,1.69,2.71,2.56,27.0,0.0,30.0,1.0,740.741
26,Cappuccino Decaffeinated Nonfat,Coffee,FALSE,19.0,0.07,1.72,2.79,2.58,25.0,0.0,30.0,1.0,1052.632
27,Cappuccino Decaffeinated With Non-Dairy Milk,Coffee,FALSE,22.0,0.67,0.79,3.22,2.53,32.0,0.0,30.0,1.0,909.091
28,Cappuccino Nonfat,Coffee,FALSE,19.0,0.07,1.72,2.78,2.56,25.0,36.0,30.0,1.0,1052.632
29,Cappuccino With Non-Dairy Milk,Coffee,FALSE,22.0,0.67,0.79,3.2,2.51,32.0,36.0,30.0,1.0,909.091
30,Carbonated Beverage Chocolate-Flavored Soda,Soda,FALSE,42.0,0.0,0.0,10.7,10.7,4.0,2.0,31.0,1.0,476.19
31,Carbonated Beverage Low Calorie Other Than Cola Or Pepper With Sodium Saccharin Without Caffeine,Soda,TRUE,0.0,0.0,0.0,0.1,0.0,16.0,0.0,29.6,1.0,0.0
32,Carbonated Cola Fast-Food Cola,Soda,FALSE,37.0,0.02,0.07,9.56,8.97,4.0,8.0,258.0,12.0,540.541
33,Carbonated Lemon-Lime Soda No Caffeine,Soda,FALSE,41.0,0.0,0.09,10.42,10.38,10.0,0.0,30.8,1.0,487.805
34,Carbonated Limeade High Caffeine,Juice,FALSE,17.0,0.11,0.0,4.11,3.97,40.0,18.0,253.0,16.0,1176.471
35,Carbonated Low Calorie Cola Or Pepper-Type With Aspartame Contains Caffeine,Soda,TRUE,2.0,0.03,0.11,0.29,0.0,8.0,12.0,29.6,1.0,10000.0
36,Carbonated Low Calorie Other Than Cola Or Pepper With Aspartame Contains Caffeine,Soda,TRUE,0.0,0.0,0.1,0.0,0.0,6.0,15.0,29.6,1.0,0.0
37,Carbonated Low Calorie Other Than Cola Or Pepper Without Caffeine,Soda,TRUE,0.0,0.0,0.1,0.0,0.0,6.0,0.0,29.6,1.0,0.0
38,Cereal Beverage,Other,FALSE,5.0,0.03,0.08,1.0,0.06,5.0,0.0,30.0,1.0,4000.0
39,Chicory Beverage,Other,TRUE,7.0,0.0,0.22,1.42,0.0,4.0,2.0,30.0,1.0,2857.143
40,Chocolate Almond Milk,Milk,FALSE,50.0,1.25,0.63,9.38,8.75,71.0,0.0,240.0,8.0,400.0
41,Chocolate Milk Made From Dry Mix With Fat Free Milk,Milk,FALSE,57.0,0.22,3.44,10.21,9.81,48.0,0.0,248.0,16.0,350.877
42,Chocolate Milk Made From Dry Mix With Low Fat Milk,Milk,FALSE,64.0,1.05,3.44,10.24,9.91,50.0,0.0,248.0,16.0,312.5
43,Chocolate Milk Made From Dry Mix With Non-Dairy Milk,Milk,FALSE,63.0,1.32,1.7,10.96,9.68,60.0,0.0,248.0,16.0,317.46
44,Chocolate Milk Made From Dry Mix With Reduced Fat Milk,Milk,FALSE,72.0,2.0,3.38,10.06,9.78,52.0,0.0,248.0,16.0,277.778
45,Chocolate Milk Made From Dry Mix With Whole Milk,Milk,FALSE,82.0,3.19,3.24,10.06,9.77,49.0,0.0,248.0,16.0,243.902
46,Chocolate Milk Made From Light Syrup Ns As To Type Of Milk,Milk,FALSE,64.0,1.91,3.03,8.58,8.03,51.0,1.0,248.0,16.0,312.5
47,Chocolate Milk Made From Light Syrup With Fat Free Milk,Milk,FALSE,49.0,0.19,3.12,8.67,8.04,49.0,1.0,248.0,16.0,408.163
48,Chocolate Milk Made From Light Syrup With Low Fat Milk,Milk,FALSE,56.0,0.97,3.12,8.7,8.13,51.0,1.0,248.0,16.0,357.143
49,Chocolate Milk Made From Light Syrup With Non-Dairy Milk,Milk,FALSE,55.0,1.22,1.5,9.37,7.91,61.0,1.0,248.0,16.0,363.636
50,Chocolate Milk Made From Light Syrup With Reduced Fat Milk,Milk,FALSE,63.0,1.85,3.06,8.53,8.01,54.0,1.0,248.0,16.0,317.46
51,Chocolate Milk Made From Light Syrup With Whole Milk,Milk,FALSE,73.0,2.96,2.93,8.53,8.0,50.0,1.0,248.0,16.0,273.973
52,Chocolate Milk Made From No Sugar Added Dry Mix Ns As To Type Of Milk (Nesquik),Milk,FALSE,65.0,2.35,3.52,7.39,6.04,70.0,0.0,248.0,16.0,307.692
53,Chocolate Milk Made From No Sugar Added Dry Mix With Fat Free Milk (Nesquik),Milk,FALSE,49.0,0.47,3.62,7.49,6.05,68.0,0.0,248.0,16.0,408.163
54,Chocolate Milk Made From No Sugar Added Dry Mix With Low Fat Milk (Nesquik),Milk,FALSE,56.0,1.32,3.62,7.52,6.15,70.0,0.0,248.0,16.0,357.143
55,Chocolate Milk Made From No Sugar Added Dry Mix With Non-Dairy Milk (Nesquik),Milk,FALSE,55.0,1.59,1.84,8.25,5.91,80.0,0.0,248.0,16.0,363.636
56,Chocolate Milk Made From No Sugar Added Dry Mix With Reduced Fat Milk (Nesquik),Milk,FALSE,64.0,2.29,3.55,7.34,6.02,72.0,0.0,248.0,16.0,312.5
57,Chocolate Milk Made From No Sugar Added Dry Mix With Whole Milk (Nesquik),Milk,FALSE,74.0,3.5,3.41,7.34,6.01,69.0,0.0,248.0,16.0,270.27
58,Chocolate Milk Made From Reduced Sugar Mix Ns As To Type Of Milk,Milk,FALSE,65.0,2.35,3.52,7.39,6.04,70.0,0.0,248.0,16.0,307.692
59,Chocolate Milk Made From Reduced Sugar Mix With Fat Free Milk,Milk,FALSE,49.0,0.47,3.62,7.49,6.05,68.0,0.0,248.0,16.0,408.163
60,Chocolate Milk Made From Reduced Sugar Mix With Low Fat Milk,Milk,FALSE,56.0,1.32,3.62,7.52,6.15,70.0,0.0,248.0,16.0,357.143
61,Chocolate Milk Made From Reduced Sugar Mix With Non-Dairy Milk,Milk,FALSE,55.0,1.59,1.84,8.25,5.91,80.0,0.0,248.0,16.0,363.636
62,Chocolate Milk Made From Reduced Sugar Mix With Reduced Fat Milk,Milk,FALSE,64.0,2.29,3.55,7.34,6.02,72.0,0.0,248.0,16.0,312.5
63,Chocolate Milk Made From Reduced Sugar Mix With Whole Milk,Milk,FALSE,74.0,3.5,3.41,7.34,6.01,69.0,0.0,248.0,16.0,270.27
64,Chocolate Milk Made From Sugar Free Syrup Ns As To Type Of Milk,Milk,FALSE,50.0,2.04,3.22,6.02,4.48,82.0,2.0,248.0,16.0,400.0
65,Chocolate Milk Made From Sugar Free Syrup With Fat Free Milk,Milk,FALSE,35.0,0.32,3.31,6.12,4.49,80.0,2.0,248.0,16.0,571.429
66,Chocolate Milk Made From Sugar Free Syrup With Low Fat Milk,Milk,FALSE,42.0,1.1,3.31,6.14,4.58,82.0,2.0,248.0,16.0,476.19
67,Chocolate Milk Made From Sugar Free Syrup With Non-Dairy Milk,Milk,FALSE,41.0,1.35,1.68,6.81,4.36,91.0,2.0,248.0,16.0,487.805
68,Chocolate Milk Made From Sugar Free Syrup With Reduced Fat Milk,Milk,FALSE,49.0,1.99,3.25,5.98,4.46,84.0,2.0,248.0,16.0,408.163
69,Chocolate Milk Made From Sugar Free Syrup With Whole Milk,Milk,FALSE,59.0,3.1,3.12,5.98,4.45,81.0,2.0,248.0,16.0,338.983
70,Chocolate Milk Made From Syrup Ns As To Type Of Milk,Milk,FALSE,80.0,1.77,2.83,13.16,12.4,59.0,2.0,248.0,16.0,250.0
71,Chocolate Milk Made From Syrup With Fat Free Milk,Milk,FALSE,65.0,0.07,2.92,13.25,12.4,56.0,2.0,248.0,16.0,307.692
72,Chocolate Milk Made From Syrup With Low Fat Milk,Milk,FALSE,72.0,0.84,2.92,13.28,12.5,58.0,2.0,248.0,16.0,277.778
73,Chocolate Milk Made From Syrup With Non-Dairy Milk,Milk,FALSE,71.0,1.09,1.31,13.94,12.28,68.0,2.0,248.0,16.0,281.69
74,Chocolate Milk Made From Syrup With Reduced Fat Milk,Milk,FALSE,79.0,1.72,2.86,13.11,12.38,61.0,2.0,248.0,16.0,253.165
75,Chocolate Milk Made From Syrup With Whole Milk,Milk,FALSE,89.0,2.82,2.73,13.11,12.37,57.0,2.0,248.0,16.0,224.719
76,Chocolate Milk Ready To Drink Low Fat,Milk,FALSE,62.0,1.0,3.46,9.86,9.94,65.0,1.0,31.0,1.0,322.581
77,Chocolate Milk Ready To Drink Low Fat (Nesquik),Milk,FALSE,62.0,1.0,3.46,9.86,9.94,65.0,1.0,248.0,16.0,322.581
78,Chocolate Milk Ready To Drink Low Fat No Sugar Added (Nesquik),Milk,FALSE,62.0,1.0,3.46,9.86,9.94,65.0,1.0,248.0,16.0,322.581
79,Chocolate Milk Ready To Drink Reduced Sugar Ns As To Milk,Milk,FALSE,54.0,1.04,3.43,7.68,7.29,66.0,0.0,248.0,16.0,370.37
80,Chocolate Syrup Prepared With Whole Milk,Milk,FALSE,90.0,2.96,3.07,12.78,11.31,47.0,2.0,282.0,8.0,222.222
81,Citrus Energy Drink,Energy Drink,FALSE,45.0,0.0,0.0,11.27,10.42,10.0,13.0,240.0,8.0,444.444
82,Citrus Fruit Juice Drink Frozen Concentrate Prepared With Water,Juice,FALSE,46.0,0.03,0.34,11.42,8.13,4.0,0.0,31.0,1.0,434.783
83,Citrus Green Tea,Tea,TRUE,1.0,0.0,0.0,0.31,0.0,26.0,5.0,265.0,16.0,20000.0
84,Clam And Tomato Juice Canned,Juice,FALSE,48.0,0.2,0.6,10.95,3.31,362.0,0.0,30.2,1.0,416.667
85,Club Soda,Soda,TRUE,0.0,0.0,0.0,0.0,0.0,21.0,0.0,29.6,1.0,0.0
86,Coca-Cola Powerade Lemon-Lime Flavored Ready-To-Drink,Soda,FALSE,32.0,0.05,0.0,7.84,6.11,42.0,0.0,30.5,1.0,625.0
87,Coconut Milk,Milk,TRUE,197.0,21.33,2.02,2.81,0.0,13.0,0.0,226.0,16.0,101.523
88,Coconut Milk Sweetened Fortified With Calcium Vitamins A B12 D2,Milk,FALSE,31.0,2.08,0.21,2.92,2.5,19.0,0.0,240.0,16.0,645.161
89,Coconut Water,Juice,FALSE,19.0,0.2,0.72,3.71,2.61,105.0,0.0,240.0,16.0,1052.632
90,Coconut Water Ready-To-Drink Unsweetened,Juice,FALSE,18.0,0.0,0.22,4.24,3.92,26.0,0.0,245.0,16.0,1111.111
91,Coffee,Coffee,TRUE,1.0,0.02,0.12,0.0,0.0,2.0,40.0,29.6,1.0,20000.0
92,Coffee Ready To Drink Milk Based Sweetened,Coffee,FALSE,71.0,1.38,1.98,12.6,10.67,26.0,28.0,262.0,16.0,281.69
93,Coffee Ready To Drink Vanilla Light Milk Based Sweetened,Coffee,FALSE,36.0,1.07,2.14,4.27,3.91,34.0,18.0,281.0,16.0,555.556
94,Coffee Substitute Cereal Grain Beverage A Prepared With Whole Milk,Coffee,TRUE,65.0,3.3,3.3,5.6,0.0,49.0,0.0,185.0,6.0,307.692
95,Coffee Substitute Cereal Grain Beverage Prepared With Water,Other,FALSE,6.0,0.04,0.1,1.3,0.08,5.0,0.0,30.1,1.0,3333.333
96,Coffee Turkish,Coffee,FALSE,26.0,0.02,0.11,6.49,6.48,2.0,37.0,31.0,1.0,769.231
97,Cola Soft Drink,Soda,FALSE,42.0,0.25,0.0,10.36,9.94,3.0,9.0,30.7,1.0,476.19
98,Cranberry Juice Cocktail,Juice,FALSE,52.0,0.34,0.0,12.25,11.41,2.0,0.0,271.0,16.0,384.615
99,Cranberry Juice Cocktail Bottled,Juice,FALSE,54.0,0.1,0.0,13.52,11.87,2.0,0.0,31.6,1.0,370.37
100,Cranberry Juice Cocktail Bottled Low Calorie With Calcium Saccharin And Corn Sweetener,Juice,FALSE,19.0,0.01,0.02,4.6,4.59,3.0,0.0,29.6,1.0,1052.632
101,Cranberry Juice Cocktail Frozen Concentrate,Juice,FALSE,201.0,0.0,0.05,51.45,42.5,4.0,0.0,36.2,1.0,99.502
102,Cranberry Juice Cocktail Frozen Concentrate,Juice,FALSE,201.0,0.0,0.05,51.45,42.5,4.0,0.0,36.2,1.0,99.502
103,Cranberry Juice Cocktail Frozen Concentrate Prepared With Water,Juice,FALSE,47.0,0.0,0.01,11.81,9.76,4.0,0.0,29.6,1.0,425.532
104,Cranberry-Apple Juice Drink Bottled,Juice,FALSE,63.0,0.11,0.0,15.85,14.5,2.0,0.0,30.6,1.0,317.46
105,Cranberry-Apple Juice Drink Low Calorie With Vitamin C Added,Juice,FALSE,19.0,0.0,0.1,4.7,4.6,5.0,0.0,240.0,8.0,1052.632
106,Cranberry-Apricot Juice Drink Bottled,Juice,TRUE,64.0,0.0,0.2,16.2,0.0,2.0,0.0,30.6,1.0,312.5
107,Cranberry-Grape Juice Drink Bottled,Juice,TRUE,56.0,0.1,0.2,14.0,0.0,3.0,0.0,30.6,1.0,357.143
108,Cream Soda,Soda,FALSE,51.0,0.0,0.0,13.3,13.3,12.0,0.0,30.9,1.0,392.157
109,Cuban Coffee,Coffee,FALSE,33.0,0.17,0.11,7.86,6.28,13.0,199.0,31.0,1.0,606.061
110,Cytosport Muscle Milk Ready-To-Drink,Milk,FALSE,52.0,2.17,5.87,2.28,0.78,95.0,0.0,414.0,14.0,384.615
111,Dairy Drink Mix Chocolate Reduced Calorie With Aspartame A Prepared With Water And Ice,Milk,FALSE,29.0,0.23,2.19,4.51,2.89,61.0,2.0,243.0,8.0,689.655
112,Dairy Drink Mix Chocolate Reduced Calorie With Low-Calorie Sweeteners A,Milk,FALSE,329.0,2.6,25.0,51.4,32.94,659.0,25.0,21.0,0.75,60.79
113,Dairy Drink Mix Chocolate Reduced Calorie With Low-Calorie Sweeteners A,Milk,FALSE,329.0,2.6,25.0,51.4,32.94,659.0,25.0,21.0,0.75,60.79
114,Decaf Coffee,Coffee,TRUE,0.0,0.0,0.1,0.0,0.0,2.0,1.0,29.6,1.0,0.0
115,Diet Cola,Juice,FALSE,20.0,0.0,0.0,5.16,5.16,4.0,9.0,29.6,1.0,1000.0
116,Diet Green Tea,Tea,FALSE,4.0,0.0,0.0,0.93,0.93,6.0,4.0,269.0,16.0,5000.0
117,Diet Pepper Cola,Soda,TRUE,1.0,0.0,0.12,0.12,0.0,4.0,0.0,29.6,1.0,20000.0
118,Eggnog,Milk,FALSE,88.0,4.19,4.55,8.05,8.05,54.0,0.0,254.0,16.0,227.273
119,Eggnog Lowfat / Light,Milk,FALSE,74.0,3.17,4.74,6.51,6.62,61.0,0.0,256.0,16.0,270.27
120,Eggnog-Flavor Mix A Prepared With Whole Milk,Milk,FALSE,95.0,3.02,2.93,14.2,12.66,55.0,0.0,272.0,8.0,210.526
121,Energy Drink Amp,Energy Drink,FALSE,46.0,0.08,0.25,12.08,12.08,27.0,31.0,240.0,8.0,434.783
122,Energy Drink Amp Sugar Free,Energy Drink,TRUE,2.0,0.0,0.0,1.03,0.0,31.0,30.0,240.0,8.0,10000.0
123,Energy Drink Full Throttle,Energy Drink,FALSE,46.0,0.08,0.25,12.08,12.08,35.0,33.0,240.0,8.0,434.783
124,Energy Drink Monster Fortified With Vitamins C B2 B3 B6 B12,Energy Drink,FALSE,47.0,0.0,0.47,11.28,10.93,77.0,33.0,240.0,8.0,425.532
125,Energy Drink Red Bull,Energy Drink,FALSE,43.0,0.0,0.46,10.23,10.22,39.0,29.0,258.0,8.4,465.116
126,Energy Drink Red Bull Sugar Free With Added Caffeine Niacin Pantothenic Acid Vitamins B6 And B12,Energy Drink,TRUE,5.0,0.08,0.25,0.7,0.0,83.0,30.0,250.0,8.3,4000.0
127,Energy Drink Rockstar,Energy Drink,FALSE,58.0,0.22,0.34,12.7,12.26,16.0,33.0,31.0,1.0,344.828
128,Energy Drink Rockstar Sugar Free,Energy Drink,TRUE,4.0,0.08,0.25,0.7,0.0,52.0,33.0,240.0,8.0,5000.0
129,Energy Drink Sugar Free,Energy Drink,TRUE,4.0,0.0,0.42,0.42,0.0,42.0,32.0,240.0,8.0,5000.0
130,Energy Drink Vault Citrus Flavor,Energy Drink,FALSE,49.0,0.0,0.0,12.99,12.99,12.0,19.0,31.0,1.0,408.163
131,Energy Drink Vault Zero Sugar-Free Citrus Flavor,Energy Drink,TRUE,1.0,0.08,0.25,0.7,0.0,14.0,19.0,246.0,8.0,20000.0
132,Espresso,Coffee,TRUE,9.0,0.18,0.12,1.67,0.0,14.0,212.0,29.6,1.0,2222.222
133,Espresso Decaffeineted,Coffee,TRUE,9.0,0.18,0.1,1.69,0.0,14.0,1.0,29.6,1.0,2222.222
134,Fluid Replacement 5% Glucose In Water,Water,FALSE,18.0,0.0,0.0,5.0,4.64,4.0,0.0,240.0,16.0,1111.111
135,Fortified Fruit Juice Smoothie,Juice,FALSE,71.0,0.0,0.42,16.67,12.08,4.0,0.0,240.0,8.0,281.69
136,Frozen Coffee Drink,Coffee,FALSE,67.0,0.93,1.53,13.4,13.24,25.0,33.0,31.0,1.0,298.507
137,Frozen Coffee Drink Decaffeinated,Coffee,FALSE,67.0,0.94,1.53,13.46,13.3,25.0,0.0,31.0,1.0,298.507
138,Frozen Coffee Drink Decaffeinated Nonfat,Coffee,FALSE,60.0,0.06,1.57,13.53,13.32,22.0,0.0,31.0,1.0,333.333
139,Frozen Coffee Drink Decaffeinated Nonfat With Whipped Cream,Coffee,FALSE,75.0,1.98,1.63,12.96,12.76,23.0,0.0,31.0,1.0,266.667
140,Frozen Coffee Drink Decaffeinated With Non-Dairy Milk,Coffee,FALSE,64.0,0.7,1.21,13.52,12.66,25.0,0.0,31.0,1.0,312.5
141,Frozen Coffee Drink Decaffeinated With Non-Dairy Milk And Whipped Cream,Coffee,FALSE,77.0,2.49,0.82,13.29,12.68,28.0,0.0,31.0,1.0,259.74
142,Frozen Coffee Drink Decaffeinated With Whipped Cream,Coffee,FALSE,81.0,2.81,1.6,12.89,12.75,25.0,0.0,31.0,1.0,246.914
143,Frozen Coffee Drink Nonfat,Coffee,FALSE,59.0,0.06,1.56,13.47,13.25,22.0,33.0,31.0,1.0,338.983
144,Frozen Coffee Drink Nonfat With Whipped Cream,Other,FALSE,74.0,1.98,1.63,12.9,12.7,23.0,31.0,31.0,1.0,270.27
145,Frozen Coffee Drink With Non-Dairy Milk,Coffee,FALSE,62.0,0.6,0.71,13.82,13.17,28.0,33.0,31.0,1.0,322.581
146,Frozen Coffee Drink With Non-Dairy Milk And Whipped Cream,Coffee,FALSE,77.0,2.48,0.82,13.23,12.62,28.0,31.0,31.0,1.0,259.74
147,Frozen Coffee Drink With Whipped Cream,Coffee,FALSE,81.0,2.8,1.6,12.83,12.69,25.0,31.0,31.0,1.0,246.914
148,Frozen Mocha Coffee Drink,Coffee,FALSE,66.0,0.91,1.48,13.04,12.24,37.0,34.0,31.0,1.0,303.03
149,Frozen Mocha Coffee Drink Decaffeinated,Coffee,FALSE,66.0,0.91,1.49,13.1,12.3,38.0,2.0,31.0,1.0,303.03
150,Frozen Mocha Coffee Drink Decaffeinated Nonfat,Coffee,FALSE,59.0,0.06,1.52,13.17,12.32,35.0,2.0,31.0,1.0,338.983
151,Frozen Mocha Coffee Drink Decaffeinated Nonfat With Whipped Cream,Coffee,FALSE,73.0,1.93,1.59,12.63,11.83,35.0,2.0,31.0,1.0,273.973
152,Frozen Mocha Coffee Drink Decaffeinated With Non-Dairy Milk,Coffee,FALSE,62.0,0.59,0.69,13.51,12.24,41.0,2.0,31.0,1.0,322.581
153,Frozen Mocha Coffee Drink Decaffeinated With Non-Dairy Milk And Whipped Cream,Coffee,FALSE,76.0,2.42,0.8,12.95,11.76,40.0,2.0,31.0,1.0,263.158
154,Frozen Mocha Coffee Drink Decaffeinated With Whipped Cream,Coffee,FALSE,80.0,2.73,1.56,12.56,11.82,37.0,2.0,31.0,1.0,250.0
155,Frozen Mocha Coffee Drink Nonfat,Coffee,FALSE,59.0,0.06,1.51,13.11,12.26,35.0,34.0,31.0,1.0,338.983
156,Frozen Mocha Coffee Drink Nonfat With Whipped Cream,Coffee,FALSE,73.0,1.92,1.58,12.58,11.78,35.0,32.0,31.0,1.0,273.973
157,Frozen Mocha Coffee Drink With Non-Dairy Milk,Coffee,FALSE,61.0,0.59,0.69,13.45,12.18,41.0,33.0,31.0,1.0,327.869
158,Frozen Mocha Coffee Drink With Non-Dairy Milk And Whipped Cream,Coffee,FALSE,76.0,2.41,0.8,12.9,11.7,40.0,32.0,31.0,1.0,263.158
159,Frozen Mocha Coffee Drink With Whipped Cream,Coffee,FALSE,80.0,2.72,1.55,12.51,11.76,37.0,32.0,31.0,1.0,250.0
160,Fruit And Vegetable Smoothie,Juice,FALSE,60.0,0.62,1.69,13.22,7.9,22.0,0.0,27.0,1.0,333.333
161,Fruit And Vegetable Smoothie Added Protein,Juice,FALSE,83.0,0.69,7.58,12.68,7.29,33.0,0.0,27.0,1.0,240.964
162,Fruit Flavored Drink Containing Less Than 3% Fruit Juice With High Vitamin C,Juice,FALSE,27.0,0.0,0.0,6.67,5.0,36.0,0.0,238.0,8.0,740.741
163,Fruit Flavored Drink Less Than 3% Juice Not Fortified With Vitamin C,Juice,FALSE,64.0,0.0,0.0,16.03,15.85,36.0,0.0,238.0,8.0,312.5
164,Fruit Flavored Drink Reduced Sugar Greater Than 3% Fruit Juice High Vitamin C Added Calcium,Juice,FALSE,29.0,0.37,0.0,6.67,5.0,25.0,0.0,240.0,8.0,689.655
165,Fruit Flavored Drink With High Vitamin C Aed Reconstituted,Juice,FALSE,41.0,0.0,0.0,10.45,9.75,5.0,0.0,31.0,1.0,487.805
166,Fruit Flavored Smoothie Drink Frozen Light No Dairy,Juice,FALSE,12.0,0.01,0.0,3.19,3.18,5.0,0.0,30.0,1.0,1666.667
167,Fruit Flavored Smoothie Drink Frozen No Dairy,Juice,FALSE,28.0,0.0,0.0,7.6,7.56,4.0,0.0,30.0,1.0,714.286
168,Fruit Juice Drink Citrus Carbonated,Juice,FALSE,30.0,0.09,0.47,7.01,5.9,8.0,0.0,31.0,1.0,666.667
169,Fruit Juice Drink Diet,Juice,TRUE,1.0,0.0,0.0,0.47,0.0,5.0,0.0,30.0,1.0,20000.0
170,Fruit Juice Drink Greater Than 3% Fruit Juice High Vitamin C And Added Thiamin,Juice,FALSE,54.0,0.0,0.13,13.16,12.11,61.0,0.0,237.0,8.0,370.37
171,Fruit Juice Drink Greater Than 3% Juice High Vitamin C,Juice,FALSE,46.0,0.11,0.13,11.35,10.69,8.0,0.0,238.0,8.0,434.783
172,Fruit Juice Drink Noncitrus Carbonated,Juice,FALSE,33.0,0.08,0.23,8.35,8.1,11.0,0.0,31.0,1.0,606.061
173,Fruit Juice Drink Reduced Sugar (Sunny D),Juice,TRUE,2.0,0.0,0.0,0.95,0.0,4.0,0.0,31.0,1.0,10000.0
174,Fruit Juice Drink Reduced Sugar With Vitamin E Added,Juice,FALSE,39.0,0.07,0.0,10.0,9.0,2.0,0.0,209.0,6.0,512.821
175,Fruit Juice Smoothie Bolthouse Farms Berry Boost,Juice,FALSE,46.0,0.02,0.63,10.9,9.3,4.0,0.0,252.0,16.0,434.783
176,Fruit Juice Smoothie Bolthouse Farms Green Goodness,Juice,FALSE,56.0,0.33,0.63,13.04,11.46,11.0,0.0,230.0,16.0,357.143
177,Fruit Juice Smoothie Bolthouse Farms Strawberry Banana,Juice,FALSE,52.0,0.3,0.44,12.37,10.33,5.0,0.0,233.0,16.0,384.615
178,Fruit Juice Smoothie Naked Juice Green Machine,Juice,FALSE,53.0,0.26,0.6,12.53,11.15,6.0,0.0,275.0,16.0,377.358
179,Fruit Juice Smoothie Naked Juice Mighty Mango,Juice,FALSE,63.0,0.0,0.42,15.0,12.5,4.0,0.0,240.0,8.0,317.46
180,Fruit Juice Smoothie Naked Juice Strawberry Banana,Juice,FALSE,50.0,0.27,0.48,11.66,10.05,2.0,0.0,228.0,16.0,400.0
181,Fruit Juice Smoothie Odwalla Original Superfood,Juice,FALSE,50.0,0.36,0.63,11.51,10.16,3.0,0.0,227.0,16.0,400.0
182,Fruit Juice Smoothie Odwalla Strawberry Banana,Juice,FALSE,48.0,0.32,0.5,11.05,9.9,2.0,0.0,233.0,16.0,416.667
183,Fruit Punch Drink Frozen Concentrate,Juice,TRUE,162.0,0.0,0.2,41.4,0.0,8.0,0.0,34.8,1.0,123.457
184,Fruit Punch Drink Frozen Concentrate,Juice,TRUE,162.0,0.0,0.2,41.4,0.0,8.0,0.0,34.8,1.0,123.457
185,Fruit Punch Drink Frozen Concentrate Prepared With Water,Juice,TRUE,46.0,0.0,0.06,11.66,0.0,5.0,0.0,30.9,1.0,434.783
186,Fruit Punch Drink With Added Nutrients Canned,Juice,FALSE,47.0,0.0,0.0,11.94,11.29,38.0,0.0,31.0,1.0,425.532
187,Fruit Punch Drink Without Added Nutrients Canned,Juice,FALSE,48.0,0.0,0.0,11.97,11.29,10.0,0.0,210.0,6.0,416.667
188,Fruit Punch Juice Drink Frozen Concentrate,Juice,TRUE,175.0,0.7,0.3,43.1,0.0,10.0,0.0,35.2,1.0,114.286
189,Fruit Punch Juice Drink Frozen Concentrate,Juice,TRUE,175.0,0.7,0.3,43.1,0.0,10.0,0.0,35.2,1.0,114.286
190,Fruit Punch Juice Drink Frozen Concentrate Prepared With Water,Juice,FALSE,42.0,0.17,0.07,11.4,11.4,5.0,0.0,29.3,1.0,476.19
191,Fruit Punch-Flavor Drink A Without Added Sodium Prepared With Water,Juice,FALSE,37.0,0.01,0.0,9.47,9.23,7.0,0.0,32.7,1.0,540.541
192,Fruit Smoothie Juice Drink No Dairy,Juice,FALSE,50.0,0.15,0.63,12.4,7.67,2.0,0.0,27.0,1.0,400.0
193,Fruit Smoothie Light,Juice,FALSE,52.0,0.62,2.62,9.72,7.02,31.0,0.0,27.0,1.0,384.615
194,Fruit Smoothie Nfs,Juice,FALSE,63.0,1.08,2.37,11.65,8.28,29.0,0.0,27.0,1.0,317.46
195,Fruit Smoothie With Whole Fruit And Dairy,Juice,FALSE,63.0,1.08,2.37,11.65,8.28,29.0,0.0,27.0,1.0,317.46
196,Fruit Smoothie With Whole Fruit And Dairy Added Protein,Juice,FALSE,77.0,1.22,7.31,9.72,7.2,41.0,0.0,27.0,1.0,259.74
197,Fruit Smoothie With Whole Fruit No Dairy,Juice,FALSE,53.0,0.28,0.64,13.1,8.2,2.0,0.0,27.0,1.0,377.358
198,Fruit Smoothie With Whole Fruit No Dairy Added Protein,Juice,FALSE,75.0,0.37,6.22,12.61,7.61,13.0,0.0,27.0,1.0,266.667
199,Fuze Orange Mango Fortified With Vitamins A C E B6,Juice,FALSE,38.0,0.06,0.68,9.2,9.0,10.0,0.0,500.0,16.0,526.316
200,Gerolsteiner Brunnen Gmbh & Co. Kggerolsteiner Naturally Sparkling Mineral Water,Water,TRUE,0.0,0.0,0.0,0.0,0.0,13.0,0.0,240.0,8.0,0.0
201,Ginger Ale,Soda,FALSE,34.0,0.0,0.0,8.0,8.0,7.0,0.0,30.5,1.0,588.235
202,Goat Milk,Milk,FALSE,69.0,4.14,3.56,4.45,4.45,50.0,0.0,30.5,1.0,289.855
203,Grape Drink Canned,Juice,FALSE,61.0,0.0,0.0,15.72,13.06,16.0,0.0,31.3,1.0,327.869
204,Grape Juice,Juice,FALSE,60.0,0.13,0.37,14.77,14.2,5.0,0.0,253.0,16.0,333.333
205,Grape Juice (With Added Vitamin C),Juice,FALSE,60.0,0.13,0.37,14.77,14.2,5.0,0.0,253.0,16.0,333.333
206,Grape Juice Canned Or Bottled Unsweetened With Added Ascorbic Acid And Calcium,Juice,FALSE,62.0,0.13,0.37,14.77,14.2,5.0,0.0,253.0,16.0,322.581
207,Grape Juice Drink Canned,Juice,FALSE,57.0,0.0,0.0,14.55,14.11,9.0,0.0,31.3,1.0,350.877
208,Grape Juice Drink Light,Juice,FALSE,21.0,0.05,0.13,5.17,4.97,4.0,0.0,30.0,1.0,952.381
209,Grape Soda,Soda,TRUE,43.0,0.0,0.0,11.2,0.0,15.0,0.0,31.0,1.0,465.116
210,Grapefruit Juice,Juice,FALSE,39.0,0.68,0.51,7.74,7.96,2.0,0.0,240.0,8.0,512.821
211,Grapefruit Juice 100% With Calcium Added,Juice,FALSE,38.0,0.1,0.5,8.69,8.33,1.0,0.0,31.0,1.0,526.316
212,Grapefruit Juice White Bottled Unsweetened Ocean Spray,Juice,FALSE,37.0,0.64,0.54,7.51,7.69,2.0,0.0,247.0,16.0,540.541
213,Grapefruit Juice White Canned Or Bottled Unsweetened,Juice,FALSE,37.0,0.66,0.55,7.54,7.69,2.0,0.0,247.0,16.0,540.541
214,Grapefruit Juice White Canned Sweetened,Juice,FALSE,46.0,0.09,0.58,11.13,11.03,2.0,0.0,250.0,16.0,434.783
215,Grapefruit Juice White Frozen Concentrate Unsweetened Diluted With 3 Volume Water,Juice,FALSE,41.0,0.13,0.55,9.73,9.63,1.0,0.0,247.0,16.0,487.805
216,Grapefruit Juice White Frozen Concentrate Unsweetened Undiluted,Juice,FALSE,146.0,0.48,1.97,34.56,34.16,3.0,0.0,207.0,6.0,136.986
217,Green Tea,Tea,TRUE,0.0,0.0,0.0,0.0,0.0,7.0,12.0,473.0,16.0,0.0
218,High Fat Milk (3.7% Fat),Milk,TRUE,64.0,3.66,3.28,4.65,0.0,49.0,0.0,244.0,16.0,312.5
219,Horchata,Milk,FALSE,54.0,0.71,0.48,11.52,9.36,14.0,0.0,228.0,16.0,370.37
220,Horchata Beverage Made With Milk,Milk,FALSE,90.0,0.61,1.4,19.71,9.6,10.0,0.0,248.0,16.0,222.222
221,Horchata Beverage Made With Water,Milk,FALSE,87.0,0.11,1.09,20.48,8.07,4.0,0.0,248.0,16.0,229.885
222,Hot Chocolate / Cocoa Made With Dry Mix And Fat Free Milk,Milk,FALSE,82.0,0.6,3.81,15.41,13.11,103.0,2.0,248.0,16.0,243.902
223,Hot Chocolate / Cocoa Made With Dry Mix And Low Fat Milk,Milk,FALSE,89.0,1.37,3.81,15.44,13.21,105.0,2.0,248.0,16.0,224.719
224,Hot Chocolate / Cocoa Made With Dry Mix And Non-Dairy Milk,Milk,FALSE,88.0,1.62,2.19,16.05,12.95,114.0,2.0,248.0,16.0,227.273
225,Hot Chocolate / Cocoa Made With Dry Mix And Reduced Fat Milk,Milk,FALSE,96.0,2.25,3.75,15.27,13.09,108.0,2.0,248.0,16.0,208.333
226,Hot Chocolate / Cocoa Made With Dry Mix And Whole Milk,Milk,FALSE,106.0,3.35,3.62,15.27,13.08,104.0,2.0,248.0,16.0,188.679
227,Hot Chocolate / Cocoa Ready To Drink,Milk,FALSE,91.0,1.61,2.68,16.45,15.32,66.0,3.0,248.0,16.0,219.78
228,Hot Chocolate / Cocoa Ready To Drink Made With Non-Dairy Milk,Milk,FALSE,83.0,1.02,1.23,17.23,15.23,73.0,3.0,248.0,16.0,240.964
229,Hot Chocolate / Cocoa Ready To Drink Made With Non-Dairy Milk And Whipped Cream,Milk,FALSE,95.0,2.68,1.3,16.54,14.64,71.0,3.0,248.0,16.0,210.526
230,Hot Chocolate / Cocoa Ready To Drink Made With Nonfat Milk,Milk,FALSE,78.0,0.06,2.74,16.58,15.34,62.0,3.0,248.0,16.0,256.41
231,Hot Chocolate / Cocoa Ready To Drink Made With Nonfat Milk And Whipped Cream,Milk,FALSE,90.0,1.77,2.75,15.92,14.75,60.0,3.0,248.0,16.0,222.222
232,Hot Chocolate / Cocoa Ready To Drink With Whipped Cream,Milk,FALSE,103.0,3.24,2.69,15.8,14.73,64.0,3.0,248.0,16.0,194.175
233,Hot Cocoa,Milk,FALSE,77.0,2.34,3.52,10.74,9.66,44.0,2.0,250.0,16.0,259.74
234,Ice Mocha,Coffee,FALSE,60.0,0.98,1.48,11.42,9.23,31.0,20.0,265.0,16.0,333.333
235,Iced Cafe Mocha,Coffee,FALSE,50.0,0.95,1.55,8.9,8.07,39.0,35.0,31.0,1.0,400.0
236,Iced Cafe Mocha Decaffeinated,Coffee,FALSE,51.0,0.95,1.56,8.94,8.11,39.0,2.0,31.0,1.0,392.157
237,Iced Cafe Mocha Decaffeinated Nonfat,Coffee,FALSE,43.0,0.06,1.59,9.02,8.13,37.0,2.0,31.0,1.0,465.116
238,Iced Cafe Mocha Decaffeinated With Non-Dairy Milk,Coffee,FALSE,46.0,0.62,0.72,9.38,8.05,43.0,2.0,31.0,1.0,434.783
239,Iced Cafe Mocha Nonfat,Coffee,FALSE,43.0,0.07,1.59,8.98,8.09,37.0,35.0,31.0,1.0,465.116
240,Iced Cafe Mocha With Non-Dairy Milk,Coffee,FALSE,46.0,0.61,0.72,9.34,8.01,43.0,35.0,31.0,1.0,434.783
241,Iced Coffee Brewed,Coffee,TRUE,1.0,0.02,0.09,0.0,0.0,2.0,31.0,30.0,1.0,20000.0
242,Iced Coffee Brewed Decaffeinated,Coffee,TRUE,0.0,0.0,0.08,0.0,0.0,2.0,1.0,30.0,1.0,0.0
243,Iced Coffee Pre-Lightened And Pre-Sweetened,Coffee,FALSE,30.0,1.1,0.25,4.91,4.95,6.0,27.0,31.0,1.0,666.667
244,Iced Latte,Coffee,FALSE,27.0,1.05,1.72,2.76,2.6,28.0,37.0,30.0,1.0,740.741
245,Iced Latte Decaffeinated,Coffee,FALSE,27.0,1.05,1.72,2.77,2.62,28.0,0.0,30.0,1.0,740.741
246,Iced Latte Decaffeinated Flavored,Coffee,FALSE,40.0,1.02,1.66,6.08,5.93,27.0,0.0,31.0,1.0,500.0
247,Iced Latte Decaffeinated Nonfat,Coffee,FALSE,19.0,0.07,1.76,2.85,2.63,25.0,0.0,30.0,1.0,1052.632
248,Iced Latte Decaffeinated Nonfat Flavored,Coffee,FALSE,32.0,0.07,1.7,6.16,5.94,24.0,0.0,31.0,1.0,625.0
249,Iced Latte Decaffeinated With Non-Dairy Milk,Coffee,FALSE,23.0,0.68,0.8,3.27,2.57,32.0,0.0,30.0,1.0,869.565
250,Iced Latte Decaffeinated With Non-Dairy Milk Flavored,Coffee,FALSE,35.0,0.66,0.77,6.56,5.87,31.0,0.0,31.0,1.0,571.429
251,Iced Latte Flavored,Coffee,FALSE,39.0,1.01,1.66,6.06,5.9,27.0,36.0,31.0,1.0,512.821
252,Iced Latte Nonfat,Coffee,FALSE,19.0,0.07,1.75,2.84,2.62,25.0,37.0,30.0,1.0,1052.632
253,Iced Latte Nonfat Flavored,Coffee,FALSE,32.0,0.07,1.69,6.14,5.91,24.0,36.0,31.0,1.0,625.0
254,Iced Latte With Non-Dairy Milk,Coffee,FALSE,22.0,0.68,0.8,3.26,2.55,32.0,37.0,30.0,1.0,909.091
255,Iced Latte With Non-Dairy Milk Flavored,Coffee,FALSE,35.0,0.66,0.77,6.53,5.84,31.0,36.0,31.0,1.0,571.429
256,Iced Tea / Lemonade Juice Drink,Tea,FALSE,33.0,0.03,0.2,9.17,7.2,12.0,10.0,30.0,1.0,606.061
257,Iced Tea / Lemonade Juice Drink Diet,Tea,TRUE,2.0,0.0,0.0,0.57,0.0,4.0,4.0,30.0,1.0,10000.0
258,Iced Tea / Lemonade Juice Drink Light,Juice,FALSE,21.0,0.04,0.22,6.13,3.86,13.0,9.0,30.0,1.0,952.381
259,Instand Decaffeinated Coffee,Coffee,TRUE,3.0,0.0,0.1,0.64,0.0,4.0,1.0,30.0,1.0,6666.667
260,Instant Cafe Mocha Sweetened,Coffee,FALSE,460.0,15.87,5.29,74.04,58.2,317.0,360.0,13.0,1.0,43.478
261,Instant Chicory Coffee,Coffee,TRUE,3.0,0.0,0.09,0.75,0.0,7.0,21.0,29.9,1.0,6666.667
262,Instant Coffee,Coffee,TRUE,3.0,0.0,0.1,0.63,0.0,4.0,26.0,30.0,1.0,6666.667
263,Instant Coffee 50% Less Caffeine Reconstituted,Coffee,TRUE,3.0,0.0,0.12,0.61,0.0,4.0,13.0,30.0,1.0,6666.667
264,Instant Coffee with Sugar ,Coffee,FALSE,16.0,0.0,0.1,3.98,3.36,4.0,25.0,31.0,1.0,1250.0
265,Juice Apple And Grape Blend With Added Ascorbic Acid,Juice,FALSE,50.0,0.12,0.16,12.46,10.92,7.0,0.0,250.0,8.0,400.0
266,Juice Apple Grape And Pear Blend With Added Ascorbic Acid And Calcium,Juice,FALSE,52.0,0.12,0.17,12.96,9.95,5.0,0.0,250.0,8.0,384.615
267,Kefir Ns As To Fat Content,Milk,FALSE,52.0,0.92,3.59,7.34,6.91,38.0,0.0,244.0,16.0,384.615
268,Kiwi Strawberry Juice Drink,Juice,FALSE,47.0,0.0,0.0,12.26,11.63,11.0,0.0,473.0,16.0,425.532
269,Latte,Coffee,FALSE,43.0,1.68,2.76,4.27,4.2,41.0,36.0,30.0,1.0,465.116
270,Latte Decaffeinated,Coffee,FALSE,43.0,1.68,2.77,4.29,4.23,42.0,0.0,30.0,1.0,465.116
271,Latte Decaffeinated Flavored,Coffee,FALSE,55.0,1.63,2.68,7.46,7.39,40.0,0.0,31.0,1.0,363.636
272,Latte Decaffeinated Nonfat,Coffee,FALSE,30.0,0.1,2.83,4.42,4.25,37.0,0.0,30.0,1.0,666.667
273,Latte Decaffeinated Nonfat Flavored,Coffee,FALSE,42.0,0.09,2.74,7.59,7.42,36.0,0.0,31.0,1.0,476.19
274,Latte Decaffeinated With Non-Dairy Milk,Coffee,FALSE,35.0,1.08,1.28,5.09,4.14,48.0,0.0,30.0,1.0,571.429
275,Latte Decaffeinated With Non-Dairy Milk Flavored,Coffee,FALSE,47.0,1.04,1.24,8.22,7.3,47.0,0.0,31.0,1.0,425.532
276,Latte Flavored,Coffee,FALSE,54.0,1.62,2.67,7.42,7.35,40.0,35.0,31.0,1.0,370.37
277,Latte Nonfat,Coffee,FALSE,30.0,0.1,2.82,4.4,4.23,37.0,36.0,30.0,1.0,666.667
278,Latte Nonfat Flavored,Coffee,FALSE,42.0,0.09,2.73,7.55,7.38,36.0,35.0,31.0,1.0,476.19
279,Latte With Non-Dairy Milk,Coffee,FALSE,35.0,1.07,1.28,5.07,4.12,48.0,36.0,30.0,1.0,571.429
280,Latte With Non-Dairy Milk Flavored,Coffee,FALSE,47.0,1.04,1.23,8.18,7.26,47.0,35.0,31.0,1.0,425.532
281,Lemonade Frozen Concentrate Pink,Juice,FALSE,192.0,0.69,0.22,48.86,46.46,4.0,0.0,36.4,1.0,104.167
282,Lemonade Frozen Concentrate Pink,Juice,FALSE,192.0,0.69,0.22,48.86,46.46,4.0,0.0,36.4,1.0,104.167
283,Lemonade Frozen Concentrate Pink Prepared With Water,Juice,FALSE,43.0,0.15,0.05,10.81,10.28,4.0,0.0,30.9,1.0,465.116
284,Lemonade Frozen Concentrate White,Juice,FALSE,196.0,0.7,0.22,49.89,44.46,7.0,0.0,36.5,1.0,102.041
285,Lemonade Frozen Concentrate White,Juice,FALSE,196.0,0.7,0.22,49.89,44.46,7.0,0.0,36.5,1.0,102.041
286,Lemonade Frozen Concentrate White Prepared With Water,Juice,FALSE,40.0,0.04,0.07,10.42,9.98,4.0,0.0,30.9,1.0,500.0
287,Lemonade Fruit Flavored Drink,Juice,FALSE,25.0,0.07,0.0,6.55,6.5,12.0,0.0,31.0,1.0,800.0
288,Lemonade Fruit Juice Drink Light Fortified With Vitamin E And C,Juice,FALSE,21.0,0.0,0.0,5.0,5.0,5.0,0.0,240.0,8.0,952.381
289,Limeade Frozen Concentrate Prepared With Water,Juice,FALSE,52.0,0.0,0.0,13.79,13.27,3.0,0.0,30.9,1.0,384.615
290,Lipton Brisk Tea Black Ready-To-Drink Lemon,Tea,FALSE,35.0,0.0,0.0,8.81,8.69,21.0,2.0,30.6,1.0,571.429
291,Low Calorie Cola,Soda,TRUE,0.0,0.0,0.0,0.1,0.0,16.0,11.0,29.6,1.0,0.0
292,Low Carb Monster Energy Drink,Energy Drink,FALSE,5.0,0.0,0.0,1.38,1.38,75.0,30.0,240.0,8.0,4000.0
293,Low-Fat Milk 1%,Milk,FALSE,42.0,0.97,3.37,4.99,5.2,44.0,0.0,244.0,16.0,476.19
294,Low-Fat Milk 2%,Milk,FALSE,50.0,1.98,3.3,4.8,5.06,47.0,0.0,244.0,16.0,400.0
295,Lowfat Buttermilk,Milk,FALSE,40.0,1.07,3.31,4.79,5.36,148.0,0.0,245.0,16.0,500.0
296,Lowfat Chocolate Milk,Milk,FALSE,76.0,1.9,2.99,12.13,9.55,66.0,1.0,250.0,16.0,263.158
297,Macchiato,Coffee,FALSE,23.0,0.8,1.16,2.72,1.68,24.0,142.0,30.0,1.0,869.565
298,Macchiato Sweetened,Coffee,FALSE,38.0,0.76,1.11,6.91,5.91,23.0,136.0,31.0,1.0,526.316
299,Malted Drink Mix Chocolate A Prepared With Whole Milk,Other,FALSE,85.0,3.29,3.37,11.2,6.68,60.0,3.0,265.0,8.0,235.294
300,Malted Drink Mix Natural With Added Nutrients A Prepared With Whole Milk,Other,FALSE,86.0,3.21,3.67,10.67,8.37,72.0,0.0,265.0,8.0,232.558
301,Meal Supplement Drink Canned Peanut Flavor,Other,TRUE,101.0,3.07,3.5,14.74,0.0,54.0,0.0,158.0,16.0,198.02
302,Milk And Soy Chocolate Drink,Milk,FALSE,101.0,1.69,4.22,17.3,8.44,63.0,0.0,237.0,8.0,198.02
303,Milk Beverage Reduced Fat Flavored And Sweetened Ready-To-Drink Added Calcium Vitamin A And Vitamin D,Milk,FALSE,77.0,1.83,3.05,12.08,11.4,49.0,0.0,244.0,16.0,259.74
304,Milk Buttermilk Fluid Cultured Reduced Fat,Milk,FALSE,56.0,2.0,4.1,5.3,5.3,105.0,0.0,245.0,16.0,357.143
305,Milk Canned Evaporated With Added Vitamin D And Without Added Vitamin A,Milk,FALSE,134.0,7.56,6.81,10.04,10.04,106.0,0.0,31.5,1.0,149.254
306,Milk Chocolate Fluid Commercial Whole With Added Vitamin A And Vitamin D,Milk,FALSE,83.0,3.39,3.17,10.34,9.54,60.0,1.0,250.0,16.0,240.964
307,Milk Chocolate Lowfat With Added Vitamin A And Vitamin D,Milk,FALSE,64.0,1.11,3.46,10.15,9.94,65.0,1.0,250.0,16.0,312.5
308,Milk Dry Nonfat Calcium Reduced,Milk,TRUE,354.0,0.2,35.5,51.8,0.0,2280.0,0.0,28.4,1.0,56.497
309,Milk Dry Nonfat Instant With Added Vitamin A And Vitamin D,Milk,FALSE,358.0,0.72,35.1,52.19,52.19,549.0,0.0,68.0,16.0,55.866
310,Milk Evaporated 2% Fat With Added Vitamin A And Vitamin D,Milk,FALSE,107.0,2.0,6.67,15.74,6.67,100.0,0.0,252.0,16.0,186.916
311,Milk Fluid 1% Fat Without Added Vitamin A And Vitamin D,Milk,FALSE,42.0,0.97,3.37,4.99,5.2,44.0,0.0,244.0,16.0,476.19
312,Milk Fluid Nonfat Calcium Fortified (Fat Free Or Skim),Milk,FALSE,35.0,0.18,3.4,4.85,4.85,52.0,0.0,247.0,16.0,571.429
313,Milk Imitation Non-Soy,Milk,FALSE,46.0,2.0,1.6,5.3,5.3,55.0,0.0,244.0,16.0,434.783
314,Milk Low Sodium Fluid,Milk,FALSE,61.0,3.46,3.1,4.46,4.46,3.0,0.0,244.0,16.0,327.869
315,Milk Lowfat Fluid 1% Milkfat Protein Fortified With Added Vitamin A And Vitamin D,Milk,TRUE,48.0,1.17,3.93,5.52,0.0,58.0,0.0,246.0,16.0,416.667
316,Milk Lowfat Fluid 1% Milkfat With Added Nonfat Milk Solids Vitamin A And Vitamin D,Milk,TRUE,43.0,0.97,3.48,4.97,0.0,52.0,0.0,245.0,16.0,465.116
317,Milk Malted,Milk,FALSE,65.0,1.96,3.13,8.65,8.0,70.0,0.0,256.0,16.0,307.692
318,Milk Nonfat Fluid Protein Fortified With Added Vitamin A And Vitamin D (Fat Free And Skim),Milk,TRUE,41.0,0.25,3.96,5.56,0.0,59.0,0.0,246.0,16.0,487.805
319,Milk Nonfat Fluid With Added Nonfat Milk Solids Vitamin A And Vitamin D (Fat Free Or Skim),Milk,FALSE,37.0,0.25,3.57,5.02,5.02,53.0,0.0,245.0,16.0,540.541
320,Milk Reduced Fat Fluid 2% Milkfat Protein Fortified With Added Vitamin A And Vitamin D,Milk,FALSE,56.0,1.98,3.95,5.49,5.26,59.0,0.0,246.0,16.0,357.143
321,Milk Reduced Fat Fluid 2% Milkfat With Added Nonfat Milk Solids And Vitamin A And Vitamin D,Milk,TRUE,51.0,1.92,3.48,4.97,0.0,52.0,0.0,245.0,16.0,392.157
322,Milk Reduced Fat Fluid 2% Milkfat With Added Nonfat Milk Solids Without Added Vitamin A,Milk,TRUE,56.0,1.98,3.95,5.49,0.0,59.0,0.0,245.0,16.0,357.143
323,Milk Shake Bottled Chocolate,Other,FALSE,150.0,6.66,3.7,20.36,13.39,80.0,5.0,31.0,1.0,133.333
324,Milk Shake Home Recipe Chocolate,Other,FALSE,120.0,6.18,3.4,13.64,12.72,55.0,1.0,28.0,1.0,166.667
325,Milk Shake Home Recipe Chocolate Light,Other,FALSE,97.0,3.32,3.98,12.81,12.57,54.0,1.0,28.0,1.0,206.186
326,Milk Shake Home Recipe Flavors Other Than Chocolate,Other,FALSE,116.0,6.18,3.28,11.9,11.16,57.0,0.0,28.0,1.0,172.414
327,Milk Shake Home Recipe Flavors Other Than Chocolate Light,Oher,FALSE,94.0,2.43,3.9,14.23,11.59,55.0,0.0,28.0,1.0,212.766
328,Milk Shake With Malt,Other,FALSE,127.0,6.3,3.68,14.06,12.48,70.0,0.0,28.0,1.0,157.48
329,Milk Shakes Thick Chocolate,Other,FALSE,119.0,2.7,3.05,21.15,20.85,111.0,2.0,28.4,1.0,168.067
330,Milk Shakes Thick Vanilla,Other,FALSE,112.0,3.03,3.86,17.75,17.75,95.0,0.0,28.4,1.0,178.571
331,Milk Whole 3.25% Milkfat Without Added Vitamin A And Vitamin D,Milk,FALSE,61.0,3.27,3.15,4.78,5.05,43.0,0.0,244.0,16.0,327.869
332,Minute Maid Lemonada Limeade,Juice,FALSE,50.0,0.0,0.0,13.75,12.92,6.0,0.0,240.0,8.0,400.0
333,Minute Maid Lemonade,Juice,FALSE,46.0,0.0,0.0,12.08,11.67,6.0,0.0,240.0,8.0,434.783
334,Mixed Berry Powerade Zero,Energy Drink,TRUE,0.0,0.0,0.0,0.14,0.0,42.0,0.0,360.0,12.0,0.0
335,Mixed Vegetable And Fruit Juice Drink With Added Nutrients,Juice,FALSE,29.0,0.01,0.04,7.47,2.1,21.0,0.0,247.0,8.0,689.655
336,Motts Light Apple Juice,Juice,FALSE,22.0,0.1,0.0,5.1,4.8,13.0,0.0,240.0,8.0,909.091
337,Nestle Boost Plus Nutritional Drink Ready-To-Drink,Other,FALSE,138.0,5.38,5.38,17.29,8.46,77.0,0.0,237.0,8.0,144.928
338,Non-Dairy Milk Nfs,Milk,FALSE,32.0,1.25,1.12,3.95,3.24,58.0,0.0,244.0,16.0,625.0
339,Nutritional Drink Or Shake High Protein Ready-To-Drink (Slim Fast),Other,FALSE,58.0,2.88,6.59,0.85,0.6,72.0,0.0,248.0,16.0,344.828
340,Nutritional Drink Or Shake High Protein Ready-To-Drink Nfs,Other,FALSE,58.0,2.88,6.59,0.85,0.6,72.0,0.0,256.0,16.0,344.828
341,Nutritional Drink Or Shake Ready-To-Drink (Carnation Instant Breakfast),Other,FALSE,91.0,1.96,5.46,12.93,13.08,89.0,3.0,248.0,16.0,219.78
342,Nutritional Drink Or Shake Ready-To-Drink (Kellogg's Special K Protein),Other,FALSE,64.0,1.6,3.2,9.2,5.95,73.0,0.0,32.0,1.0,312.5
343,Nutritional Drink Or Shake Ready-To-Drink (Muscle Milk),Other,FALSE,49.0,2.01,5.87,2.06,0.78,95.0,0.0,256.0,16.0,408.163
344,Nutritional Drink Or Shake Ready-To-Drink Light (Muscle Milk),Other,FALSE,38.0,1.15,4.78,2.1,0.38,27.0,0.0,256.0,16.0,526.316
345,Nuts Coconut Milk Frozen (Liquid Expressed From Grated Meat And Water),Milk,TRUE,202.0,20.8,1.61,5.58,0.0,12.0,0.0,240.0,16.0,99.01
346,Oatmeal Beverage With Milk,Milk,FALSE,82.0,1.57,1.69,15.59,14.08,21.0,0.0,248.0,16.0,243.902
347,Oatmeal Beverage With Water,Other,FALSE,43.0,0.12,0.25,10.64,9.36,4.0,0.0,31.0,1.0,465.116
348,Ocean Spray Cran Cherry,Juice,FALSE,46.0,0.0,0.19,12.76,12.2,7.0,0.0,248.0,8.0,434.783
349,Ocean Spray Cran Grape,Juice,FALSE,54.0,0.0,0.21,13.16,12.6,19.0,0.0,240.0,8.0,370.37
350,Ocean Spray Cran Lemonade,Juice,FALSE,45.0,0.0,0.07,11.12,10.4,52.0,0.0,247.0,8.0,444.444
351,Ocean Spray Cran Pomegranate,Juice,FALSE,47.0,0.01,0.07,12.56,12.0,12.0,0.0,248.0,8.0,425.532
352,Ocean Spray Cran Raspberry Juice Drink,Juice,FALSE,49.0,0.0,0.28,11.96,11.4,14.0,0.0,248.0,8.0,408.163
353,Ocean Spray Cran-Energy Cranberry Energy Juice Drink,Energy Drink,FALSE,15.0,0.0,0.0,3.75,3.75,21.0,23.0,250.0,8.0,1333.333
354,Ocean Spray Cranberry-Apple Juice Drink Bottled,Juice,FALSE,56.0,0.0,0.29,13.68,13.12,19.0,0.0,249.0,16.0,357.143
355,Ocean Spray Diet Cran Cherry,Juice,FALSE,4.0,0.0,0.21,0.7,0.22,8.0,0.0,237.0,8.0,5000.0
356,Ocean Spray Diet Cranberry Juice,Juice,FALSE,4.0,0.0,0.07,0.8,0.25,7.0,0.0,237.0,8.0,5000.0
357,Ocean Spray Light Cranberry,Juice,FALSE,19.0,0.01,0.22,4.72,3.97,15.0,0.0,248.0,8.0,1052.632
358,Ocean Spray Light Cranberry And Raspberry Flavored Juice,Juice,FALSE,26.0,0.0,0.73,5.77,5.02,2.0,0.0,242.0,8.0,769.231
359,Ocean Spray Light Cranberry Concord Grape,Juice,FALSE,23.0,0.02,0.36,5.78,5.02,8.0,0.0,248.0,8.0,869.565
360,Ocean Spray Ruby Red Cranberry,Juice,FALSE,45.0,0.01,0.07,11.58,11.02,11.0,0.0,227.0,8.0,444.444
361,Ocean Spray White Cranberry Peach,Juice,FALSE,45.0,0.01,0.13,11.88,11.32,11.0,0.0,247.0,8.0,444.444
362,Ocean Spray White Cranberry Strawberry Flavored Juice Drink,Juice,FALSE,49.0,0.01,0.22,11.98,11.42,3.0,0.0,247.0,8.0,408.163
363,Orange And Apricot Juice Drink Canned,Juice,FALSE,51.0,0.1,0.3,12.7,12.06,2.0,0.0,31.2,1.0,392.157
364,Orange Breakfast Drink Ready-To-Drink With Added Nutrients,Juice,FALSE,53.0,0.0,0.0,13.2,8.02,54.0,0.0,31.6,1.0,377.358
365,Orange Drink Breakfast Type With Juice And Pulp Frozen Concentrate,Juice,FALSE,153.0,0.0,0.4,39.0,38.05,26.0,0.0,36.3,1.0,130.719
366,Orange Drink Breakfast Type With Juice And Pulp Frozen Concentrate,Juice,FALSE,153.0,0.0,0.4,39.0,38.05,26.0,0.0,36.3,1.0,130.719
367,Orange Drink Breakfast Type With Juice And Pulp Frozen Concentrate Prepared With Water,Juice,FALSE,45.0,0.0,0.12,11.32,11.05,10.0,0.0,31.3,1.0,444.444
368,Orange Drink Canned With Added Vitamin C,Juice,FALSE,49.0,0.07,0.0,12.34,11.03,3.0,0.0,31.0,1.0,408.163
369,Orange Juice,Juice,FALSE,45.0,0.2,0.7,10.4,8.4,1.0,0.0,248.0,16.0,444.444
370,Orange Juice (canned),Juice,FALSE,47.0,0.15,0.68,11.01,8.76,4.0,0.0,249.0,16.0,425.532
371,Orange Juice 100% Nfs,Juice,FALSE,48.0,0.12,0.68,11.45,8.31,2.0,0.0,31.0,1.0,416.667
372,Orange Juice Chilled Includes From Concentrate With Added Calcium And Vitamins A D E,Juice,FALSE,49.0,0.12,0.68,11.54,8.31,2.0,0.0,249.0,16.0,408.163
373,Orange Juice Drink,Juice,FALSE,54.0,0.0,0.2,13.41,9.36,2.0,0.0,249.0,16.0,370.37
374,Orange Juice From Concentrate,Juice,FALSE,49.0,0.12,0.68,11.54,8.31,2.0,0.0,249.0,16.0,408.163
375,Orange Juice Frozen Concentrate Unsweetened Diluted With 3 Volume Water,Juice,FALSE,37.0,0.06,0.6,8.8,7.42,4.0,0.0,249.0,16.0,540.541
376,Orange Juice Frozen Concentrate Unsweetened Diluted With 3 Volume Water With Added Calcium,Juice,FALSE,37.0,0.06,0.6,8.47,7.42,4.0,0.0,249.0,16.0,540.541
377,Orange Juice Frozen Concentrate Unsweetened Undiluted,Juice,FALSE,148.0,0.25,2.4,35.19,29.68,7.0,0.0,262.0,16.0,135.135
378,Orange Juice Frozen Concentrate Unsweetened Undiluted With Added Calcium,Juice,FALSE,147.0,0.25,2.4,33.86,29.68,7.0,0.0,262.0,16.0,136.054
379,Orange Juice Light No Pulp,Juice,FALSE,21.0,0.0,0.21,5.42,4.17,4.0,0.0,240.0,8.0,952.381
380,Orange Juice With Added Calcium,Juice,FALSE,47.0,0.12,0.68,11.27,8.31,2.0,0.0,249.0,16.0,425.532
381,Orange Juice With Added Calcium And Vitamin D,Juice,FALSE,47.0,0.12,0.68,11.27,8.31,2.0,0.0,249.0,16.0,425.532
382,Orange Pineapple Juice Blend,Juice,FALSE,51.0,0.08,0.41,12.2,10.57,4.0,0.0,246.0,8.0,392.157
383,Orange Soda,Soda,TRUE,48.0,0.0,0.0,12.3,0.0,12.0,0.0,31.0,1.0,416.667
384,Orange-Flavor Drink Breakfast Type With Pulp Frozen Concentrate Prepared With Water,Juice,FALSE,49.0,0.14,0.03,12.21,11.91,10.0,0.0,31.0,1.0,408.163
385,Orange-Flavor Drink Breakfast Type With Pulp Frozen Concentrate. Not Manufactured Anymore.,Juice,FALSE,172.0,0.5,0.1,42.9,11.7,24.0,0.0,35.3,1.0,116.279
386,Orange-Flavor Drink Breakfast Type With Pulp Frozen Concentrate. Not Manufactured Anymore.,Juice,FALSE,172.0,0.5,0.1,42.9,11.7,24.0,0.0,35.3,1.0,116.279
387,Pepper Soda,Soda,TRUE,41.0,0.1,0.0,10.4,0.0,10.0,10.0,30.7,1.0,487.805
388,Pepsico Quaker Gatorade G Performance O 2 Ready-To-Drink.,Energy Drink,FALSE,26.0,0.0,0.0,6.43,5.24,39.0,0.0,30.5,1.0,769.231
389,Pepsico Quaker Gatorade G2 Low Calorie,Energy Drink,FALSE,8.0,0.01,0.05,1.94,1.3,45.0,0.0,237.0,8.0,2500.0
390,Pineapple And Grapefruit Juice Drink Canned,Juice,FALSE,47.0,0.1,0.2,11.6,11.52,14.0,0.0,31.3,1.0,425.532
391,Pineapple And Orange Juice Drink Canned,Juice,FALSE,50.0,0.0,1.3,11.8,11.59,3.0,0.0,31.3,1.0,400.0
392,Pineapple Juice Canned Not From Concentrate Unsweetened With Added Vitamins A C And E,Juice,FALSE,50.0,0.14,0.36,12.18,9.98,3.0,0.0,250.0,16.0,400.0
393,Pineapple Juice Canned Or Bottled Unsweetened With Added Ascorbic Acid,Juice,FALSE,53.0,0.12,0.36,12.87,9.98,2.0,0.0,250.0,16.0,377.358
394,Pineapple Juice Frozen Concentrate Unsweetened Diluted With 3 Volume Water,Juice,FALSE,51.0,0.03,0.4,12.67,12.47,1.0,0.0,250.0,16.0,392.157
395,Pink Grapefruit Juice,Juice,TRUE,39.0,0.1,0.5,9.2,0.0,1.0,0.0,247.0,16.0,512.821
396,Pomegranate Juice Bottled,Juice,FALSE,54.0,0.29,0.15,13.13,12.65,9.0,0.0,249.0,16.0,370.37
397,Powerade Zero Ion4 Calorie-Free Assorted Flavors,Energy Drink,TRUE,0.0,0.0,0.0,0.0,0.0,42.0,0.0,237.0,8.0,0.0
398,Propel Zero Fruit-Flavored Non-Carbonated,Energy Drink,TRUE,5.0,0.0,0.0,1.14,0.0,33.0,0.0,29.6,1.0,4000.0
399,Purple Passion Fruit Juice,Juice,FALSE,51.0,0.05,0.39,13.6,13.4,6.0,0.0,247.0,16.0,392.157
400,Root Beer,Soda,FALSE,41.0,0.0,0.0,10.6,10.6,13.0,0.0,30.8,1.0,487.805
401,Ruby Red Grapefruit Juice Blend (Grapefruit Grape Apple) Ocean Spray Bottled With Added Vitamin C,Juice,FALSE,44.0,0.1,0.5,10.53,10.3,8.0,0.0,248.0,8.0,454.545
402,Shake Fast Food Strawberry,Other,TRUE,113.0,2.8,3.4,18.9,0.0,83.0,0.0,23.5,1.0,176.991
403,Shake Fast Food Vanilla,Other,FALSE,148.0,6.52,3.37,19.59,13.63,81.0,0.0,20.8,1.0,135.135
404,Sheep Milk,Milk,TRUE,108.0,7.0,5.98,5.36,0.0,44.0,0.0,245.0,16.0,185.185
405,Skim Milk,Milk,FALSE,34.0,0.08,3.37,4.96,5.09,42.0,0.0,245.0,16.0,588.235
406,Slimfast Meal Replacement High Protein Shake Ready-To-Drink 3-2-1 Plan,Other,FALSE,61.0,3.38,6.59,0.85,0.6,72.0,0.0,295.0,16.0,327.869
407,Soft Drink Fruit Flavored Caffeine Containing,Soda,FALSE,49.0,0.0,0.0,12.83,12.9,18.0,15.0,31.0,1.0,408.163
408,Sprite,Soda,FALSE,40.0,0.02,0.05,10.14,8.98,9.0,0.0,30.8,1.0,500.0
409,Strawberry Milk Fat Free,Milk,FALSE,56.0,0.09,3.17,10.75,10.65,42.0,0.0,31.0,1.0,357.143
410,Strawberry Milk Low Fat,Milk,FALSE,63.0,0.92,3.17,10.78,10.75,44.0,0.0,248.0,16.0,317.46
411,Strawberry Milk Nfs,Milk,FALSE,52.0,1.97,3.28,5.25,5.45,47.0,0.0,31.0,1.0,384.615
412,Strawberry Milk Non-Dairy,Milk,FALSE,62.0,1.19,1.42,11.5,10.52,54.0,0.0,248.0,16.0,322.581
413,Strawberry Milk Reduced Fat,Milk,FALSE,71.0,1.87,3.1,10.6,10.62,46.0,0.0,248.0,16.0,281.69
414,Strawberry Milk Whole,Milk,FALSE,81.0,3.06,2.96,10.6,10.61,43.0,0.0,248.0,16.0,246.914
415,Sweetened Condensed Milk,Milk,FALSE,321.0,8.7,7.91,54.4,54.4,127.0,0.0,38.2,1.0,62.305
416,Sweetened Vanilla Almond Milk,Milk,FALSE,38.0,1.04,0.42,6.59,6.25,63.0,0.0,240.0,8.0,526.316
417,Tangerine Juice,Juice,FALSE,43.0,0.2,0.5,10.1,9.9,1.0,0.0,247.0,16.0,465.116
418,Tap Water,Water,TRUE,0.0,0.0,0.0,0.0,0.0,4.0,0.0,29.6,1.0,0.0
419,Tea Black Brewed Prepared With Distilled Water,Tea,TRUE,1.0,0.0,0.0,0.3,0.0,0.0,20.0,29.6,1.0,20000.0
420,Tea Black Brewed Prepared With Tap Water Decaffeinated,Tea,TRUE,1.0,0.0,0.0,0.3,0.0,3.0,1.0,29.6,1.0,20000.0
421,Tea Black Ready To Drink Decaffeinated,Tea,FALSE,38.0,0.0,0.0,8.75,7.92,8.0,1.0,240.0,16.0,526.316
422,Tea Black Ready To Drink Decaffeinated Diet,Tea,TRUE,0.0,0.0,0.0,0.83,0.0,4.0,1.0,240.0,16.0,0.0
423,Tea Black Ready-To-Drink Lemon Diet,Tea,TRUE,1.0,0.0,0.0,0.22,0.0,17.0,2.0,265.0,16.0,20000.0
424,Tea Black Ready-To-Drink Lemon Sweetened,Tea,FALSE,45.0,0.22,0.0,10.8,9.49,3.0,9.0,271.0,16.0,444.444
425,Tea Black Ready-To-Drink Peach Diet,Tea,TRUE,1.0,0.0,0.0,0.25,0.0,5.0,4.0,268.0,16.0,20000.0
426,Tea Green Brewed Decaffeinated,Tea,TRUE,0.0,0.0,0.0,0.0,0.0,0.0,0.0,240.0,16.0,0.0
427,Tea Green Brewed Regular,Tea,TRUE,1.0,0.0,0.22,0.0,0.0,1.0,12.0,245.0,16.0,20000.0
428,Tea Green Instant Decaffeinated Lemon Unsweetened Fortified With Vitamin C,Tea,TRUE,378.0,0.0,0.0,94.45,0.0,0.0,0.0,4.5,1.0,52.91
429,Tea Green Instant Decaffeinated Lemon Unsweetened Fortified With Vitamin C,Tea,TRUE,378.0,0.0,0.0,94.45,0.0,0.0,0.0,4.5,1.0,52.91
430,Tea Green Ready To Drink Ginseng And Honey Sweetened,Tea,FALSE,30.0,0.18,0.0,7.16,6.87,2.0,4.0,260.0,16.0,666.667
431,Tea Green Ready-To-Drink Sweetened,Tea,FALSE,27.0,0.22,0.0,6.2,5.32,21.0,5.0,270.0,16.0,740.741
432,Tea Herb Brewed Chamomile,Tea,TRUE,1.0,0.0,0.0,0.2,0.0,1.0,0.0,29.6,1.0,20000.0
433,Tea Herb Other Than Chamomile Brewed,Tea,TRUE,1.0,0.0,0.0,0.2,0.0,1.0,0.0,29.6,1.0,20000.0
434,Tea Hibiscus Brewed,Tea,TRUE,0.0,0.0,0.0,0.0,0.0,4.0,0.0,237.0,8.0,0.0
435,Tea Hot Chai With Milk,Tea,FALSE,50.0,0.98,1.55,8.98,8.82,22.0,9.0,30.0,1.0,400.0
436,Tea Iced Brewed Black Decaffeinated Pre-Sweetened With Low Calorie Sweetener,Tea,FALSE,2.0,0.0,0.0,0.68,0.33,3.0,1.0,30.0,1.0,10000.0
437,Tea Iced Brewed Black Decaffeinated Pre-Sweetened With Sugar,Tea,FALSE,31.0,0.0,0.0,7.97,7.68,3.0,1.0,31.0,1.0,645.161
438,Tea Iced Brewed Black Pre-Sweetened With Low Calorie Sweetener,Tea,FALSE,2.0,0.0,0.0,0.68,0.33,3.0,20.0,30.0,1.0,10000.0
439,Tea Iced Brewed Black Pre-Sweetened With Sugar,Tea,FALSE,31.0,0.0,0.0,7.97,7.68,3.0,18.0,31.0,1.0,645.161
440,Tea Iced Brewed Green Decaffeinated Pre-Sweetened With Low Calorie Sweetener,Tea,FALSE,1.0,0.0,0.0,0.38,0.33,0.0,0.0,30.0,1.0,20000.0
441,Tea Iced Brewed Green Decaffeinated Pre-Sweetened With Sugar,Tea,FALSE,30.0,0.0,0.0,7.69,7.68,0.0,0.0,31.0,1.0,666.667
442,Tea Iced Brewed Green Pre-Sweetened With Low Calorie Sweetener,Tea,FALSE,2.0,0.0,0.22,0.38,0.33,1.0,12.0,30.0,1.0,10000.0
443,Tea Iced Brewed Green Pre-Sweetened With Sugar,Tea,FALSE,31.0,0.0,0.2,7.69,7.68,1.0,11.0,31.0,1.0,645.161
444,Tea Instant Decaffeinated Lemon Diet,Tea,FALSE,338.0,0.6,3.3,85.4,1.88,412.0,57.0,1.6,1.0,59.172
445,Tea Instant Lemon Diet,Tea,FALSE,2.0,0.0,0.02,0.44,0.01,6.0,11.0,29.8,1.0,10000.0
446,Tea Instant Lemon Sweetened Prepared With Water,Tea,FALSE,35.0,0.06,0.01,8.61,8.33,2.0,3.0,259.0,8.0,571.429
447,Tea Instant Unsweetened Prepared With Water,Tea,FALSE,1.0,0.0,0.06,0.17,0.02,4.0,11.0,29.7,1.0,20000.0
448,Tea Ready-To-Drink Lemon Diet,Tea,TRUE,2.0,0.0,0.0,0.41,0.0,1.0,8.0,266.0,16.0,10000.0
449,The Coca-Cola Company Dasani Water Bottled Non-Carbonated,Water,TRUE,0.0,0.0,0.0,0.0,0.0,0.0,0.0,29.6,1.0,0.0
450,The Coca-Cola Company Glaceau Vitamin Water Revive Fruit Punch Fortified,Energy Drink,TRUE,0.0,0.0,0.0,0.0,0.0,0.0,0.0,591.0,20.0,0.0
451,The Coca-Cola Company Hi-C Flashin Fruit Punch,Juice,FALSE,45.0,0.0,0.0,12.5,12.5,8.0,0.0,200.0,6.0,444.444
452,The Coca-Cola Company Nos Energy Drink Original Grape Loaded Cherry Charged Citrus Fortified With Vitamins B6 And B12,Energy Drink,FALSE,44.0,0.0,0.0,11.25,11.25,85.0,34.0,480.0,16.0,454.545
453,The Coca-Cola Company Nos Zero Energy Drink Sugar-Free With Guarana Fortified With Vitamins B6 And B12,Energy Drink,TRUE,4.0,0.0,0.0,1.03,0.0,85.0,34.0,480.0,16.0,5000.0
454,Tonic Water,Soda,FALSE,34.0,0.0,0.0,8.8,8.8,12.0,0.0,30.5,1.0,588.235
455,Unilever Slimfast Meal Replacement Regular Ready-To-Drink 3-2-1 Plan,Other,FALSE,57.0,1.93,3.32,7.74,5.95,68.0,0.0,295.0,9.0,350.877
456,Unsweetened Almond Milk,Milk,FALSE,15.0,0.96,0.4,1.31,0.81,72.0,0.0,262.0,16.0,1333.333
457,Unsweetened Chocolate Almond Milk,Milk,TRUE,21.0,1.46,0.83,1.25,0.0,75.0,0.0,240.0,16.0,952.381
458,Unsweetened Rice Milk,Milk,FALSE,47.0,0.97,0.28,9.17,5.28,39.0,0.0,240.0,8.0,425.532
459,V8 Splash Juice Drinks Berry Blend,Juice,FALSE,29.0,0.0,0.0,7.41,7.41,21.0,0.0,243.0,8.0,689.655
460,V8 Splash Juice Drinks Diet Berry Blend,Juice,FALSE,4.0,0.0,0.0,1.23,0.41,14.0,0.0,243.0,8.0,5000.0
461,V8 Splash Juice Drinks Diet Fruit Medley,Juice,FALSE,4.0,0.0,0.0,1.26,0.84,13.0,0.0,238.0,8.0,5000.0
462,V8 Splash Juice Drinks Diet Strawberry Kiwi,Juice,FALSE,4.0,0.0,0.0,1.26,0.84,13.0,0.0,238.0,8.0,5000.0
463,V8 Splash Juice Drinks Diet Tropical Blend,Juice,FALSE,4.0,0.0,0.0,1.26,0.42,15.0,0.0,238.0,8.0,5000.0
464,V8 Splash Juice Drinks Fruit Medley,Juice,FALSE,33.0,0.0,0.0,7.82,7.82,21.0,0.0,243.0,8.0,606.061
465,V8 Splash Juice Drinks Guava Passion Fruit,Juice,FALSE,33.0,0.0,0.0,7.82,7.82,14.0,0.0,243.0,8.0,606.061
466,V8 Splash Juice Drinks Mango Peach,Juice,FALSE,33.0,0.0,0.0,8.23,8.23,16.0,0.0,243.0,8.0,606.061
467,V8 Splash Juice Drinks Orange Pineapple,Juice,FALSE,29.0,0.0,0.0,7.41,7.41,21.0,0.0,243.0,8.0,689.655
468,V8 Splash Juice Drinks Orchard Blend,Juice,FALSE,33.0,0.0,0.0,7.82,7.82,21.0,0.0,243.0,8.0,606.061
469,V8 Splash Juice Drinks Strawberry Banana,Juice,FALSE,29.0,0.0,0.0,7.41,7.41,21.0,0.0,243.0,8.0,689.655
470,V8 Splash Juice Drinks Strawberry Kiwi,Juice,FALSE,29.0,0.0,0.0,7.41,7.41,21.0,0.0,243.0,8.0,689.655
471,V8 Splash Juice Drinks Tropical Blend,Juice,FALSE,29.0,0.0,0.0,7.41,7.41,21.0,0.0,243.0,8.0,689.655
472,V8 Splash Smoothies Peach Mango,Juice,FALSE,37.0,0.0,1.22,7.76,7.35,29.0,0.0,245.0,8.0,540.541
473,V8 Splash Smoothies Strawberry Banana,Juice,FALSE,37.0,0.0,1.22,8.16,7.35,29.0,0.0,245.0,8.0,540.541
474,V8 Splash Smoothies Tropical Colada,Juice,FALSE,41.0,0.0,1.22,8.54,7.32,20.0,0.0,246.0,8.0,487.805
475,V8 V- Fusion Juices Acai Berry,Juice,FALSE,45.0,0.0,0.0,10.98,10.57,28.0,0.0,246.0,8.0,444.444
476,V8 V-Fusion Juices Peach Mango,Juice,FALSE,49.0,0.0,0.41,11.38,10.57,28.0,0.0,246.0,8.0,408.163
477,V8 V-Fusion Juices Strawberry Banana,Juice,FALSE,49.0,0.0,0.41,11.79,10.16,28.0,0.0,246.0,8.0,408.163
478,V8 V-Fusion Juices Tropical,Juice,FALSE,49.0,0.0,0.41,11.38,10.16,33.0,0.0,246.0,8.0,408.163
479,Vegetable And Fruit Juice Blend 100% Juice With Added Vitamins A C E,Juice,FALSE,46.0,0.01,0.3,11.15,10.37,29.0,0.0,246.0,8.0,434.783
480,Vegetable And Fruit Juice Drink Reduced Calorie With Low-Calorie Sweetener Added Vitamin C,Juice,FALSE,4.0,0.0,0.0,1.1,0.63,14.0,0.0,238.0,8.0,5000.0
481,Vitamin Fortified Water,Water,TRUE,5.0,0.0,0.0,1.25,0.0,10.0,0.0,240.0,8.0,4000.0
482,Water Bottled Non-Carbonated Calistoga,Water,TRUE,0.0,0.0,0.0,0.0,0.0,0.0,0.0,29.6,1.0,0.0
483,Water Bottled Non-Carbonated Crystal Geyser,Water,TRUE,0.0,0.0,0.0,0.0,0.0,1.0,0.0,29.6,1.0,0.0
484,Water Bottled Non-Carbonated Dannon,Water,TRUE,0.0,0.0,0.0,0.0,0.0,0.0,0.0,29.6,1.0,0.0
485,Water Bottled Non-Carbonated Dannon Fluoride To Go,Water,TRUE,0.0,0.0,0.0,0.03,0.0,1.0,0.0,29.6,1.0,0.0
486,Water Bottled Non-Carbonated Evian,Water,TRUE,0.0,0.0,0.0,0.0,0.0,0.0,0.0,29.6,1.0,0.0
487,Water Bottled Non-Carbonated Naya,Water,TRUE,0.0,0.0,0.0,0.0,0.0,1.0,0.0,29.6,1.0,0.0
488,Water Bottled Non-Carbonated Pepsi Aquafina,Water,TRUE,0.0,0.0,0.0,0.0,0.0,0.0,0.0,29.6,1.0,0.0
489,Water Bottled Perrier,Water,TRUE,0.0,0.0,0.0,0.0,0.0,1.0,0.0,29.6,1.0,0.0
490,Water Bottled Poland Spring,Water,TRUE,0.0,0.0,0.0,0.0,0.0,1.0,0.0,29.6,1.0,0.0
491,Water Non-Carbonated Bottles Natural Fruit Flavors Sweetened With Low Calorie Sweetener,Tea,TRUE,1.0,0.0,0.0,0.13,0.0,14.0,0.0,29.6,1.0,20000.0
492,Water Tap Municipal,Water,TRUE,0.0,0.0,0.0,0.0,0.0,3.0,0.0,29.6,1.0,0.0
493,Water With Added Vitamins And Minerals Bottles Sweetened Assorted Fruit Flavors,Water,FALSE,22.0,0.0,0.0,5.49,5.49,0.0,0.0,237.0,8.0,909.091
494,Well Water,Water,TRUE,0.0,0.0,0.0,0.0,0.0,5.0,0.0,29.6,1.0,0.0
495,Wendys Tea Ready-To-Drink Unsweetened,Tea,TRUE,1.0,0.0,0.22,0.0,0.0,3.0,8.0,29.6,1.0,20000.0
496,White Grapefruit Juice,Juice,FALSE,39.0,0.1,0.5,9.2,9.1,1.0,0.0,247.0,16.0,512.821
497,Whole Milk,Milk,FALSE,61.0,3.25,3.15,4.8,5.05,43.0,0.0,244.0,16.0,327.869
498,Yellow Green Colored Citrus Soft Drink With Caffeine,Juice,FALSE,49.0,0.0,0.0,12.83,12.9,18.0,15.0,473.0,16.0,408.163
499,Yellow Passion Fruit Juice,Juice,FALSE,60.0,0.18,0.67,14.45,14.25,6.0,0.0,247.0,16.0,333.333
500,Zevia Cola,Soda,TRUE,0.0,0.0,0.0,1.13,0.0,6.0,13.0,355.0,12.0,0.0
501,Zevia Cola Caffeine Free,Soda,TRUE,0.0,0.0,0.0,1.13,0.0,6.0,0.0,355.0,12.0,0.0
