id,State,City,Forecast Number,Date,Main Condition,Condition Description,Icon,Low Temperature,High Temperature,Humidity Percentage,Wind MPH,Wind Direction,Rain Inches,Snow Inches,Pressure,Cloud Percent,UTC Timestamp,Timezone Offset
1,Alaska,Anchorage,1,Tue 2/7,Clouds,broken clouds,http://openweathermap.org/img/wn/04d@2x.png,8.28,18.77,94,4,N,0,0,1000,52,1675807200,-32400
2,Alaska,Anchorage,2,Wed 2/8,Snow,light snow,http://openweathermap.org/img/wn/13d@2x.png,11.68,21.07,94,4,NW,0,4.09,1014,100,1675893600,-32400
3,Alaska,Anchorage,3,Thu 2/9,Clouds,overcast clouds,http://openweathermap.org/img/wn/04d@2x.png,-3.46,16.59,94,3,N,0,0,1010,100,1675980000,-32400
4,Alaska,Anchorage,4,Fri 2/10,Clouds,overcast clouds,http://openweathermap.org/img/wn/04d@2x.png,-10.3,10.02,94,10,N,0,0,1005,100,1676066400,-32400
5,Alaska,Anchorage,5,Sat 2/11,Clouds,overcast clouds,http://openweathermap.org/img/wn/04d@2x.png,9.37,17.08,90,13,N,0,0,994,100,1676152800,-32400
6,Alaska,Fairbanks,1,Tue 2/7,Snow,light snow,http://openweathermap.org/img/wn/13d@2x.png,-7.65,7.07,95,2,NW,0,0.7,1004,92,1675807200,-32400
7,Alaska,Fairbanks,2,Wed 2/8,Snow,light snow,http://openweathermap.org/img/wn/13d@2x.png,-3.96,5.49,94,2,E,0,0.1,1018,100,1675893600,-32400
8,Alaska,Fairbanks,3,Thu 2/9,Snow,light snow,http://openweathermap.org/img/wn/13d@2x.png,-8.66,4.23,94,3,N,0,1.2,1014,100,1675980000,-32400
9,Alaska,Fairbanks,4,Fri 2/10,Snow,light snow,http://openweathermap.org/img/wn/13d@2x.png,-17.77,-1.28,97,3,N,0,0.28,1009,74,1676066400,-32400
10,Alaska,Fairbanks,5,Sat 2/11,Clouds,broken clouds,http://openweathermap.org/img/wn/04d@2x.png,-19.77,1.65,90,3,NW,0,0,1003,76,1676152800,-32400
11,Alaska,Juneau,1,Tue 2/7,Snow,light snow,http://openweathermap.org/img/wn/13d@2x.png,28.17,33.58,78,6,NE,0,0.41,1007,65,1675803600,-32400
12,Alaska,Juneau,2,Wed 2/8,Snow,snow,http://openweathermap.org/img/wn/13d@2x.png,28.8,35.2,94,8,NE,0,8.74,1019,100,1675890000,-32400
13,Alaska,Juneau,3,Thu 2/9,Snow,snow,http://openweathermap.org/img/wn/13d@2x.png,27.59,30.78,92,8,NE,0,12.83,1003,100,1675976400,-32400
14,Alaska,Juneau,4,Fri 2/10,Snow,snow,http://openweathermap.org/img/wn/13d@2x.png,29.95,34.9,97,5,NE,0,9.87,1007,99,1676062800,-32400
15,Alaska,Juneau,5,Sat 2/11,Snow,snow,http://openweathermap.org/img/wn/13d@2x.png,31.89,36.25,96,10,SE,0,23.35,997,100,1676149200,-32400
16,Colorado,Denver/Boulder,1,Tue 2/7,Clear,sky is clear,http://openweathermap.org/img/wn/01d@2x.png,27.39,43.43,27,8,SW,0,0,1020,0,1675796400,-25200
17,Colorado,Denver/Boulder,2,Wed 2/8,Clouds,broken clouds,http://openweathermap.org/img/wn/04d@2x.png,26.35,47.48,28,18,W,0,0,1011,70,1675882800,-25200
18,Colorado,Denver/Boulder,3,Thu 2/9,Clouds,overcast clouds,http://openweathermap.org/img/wn/04d@2x.png,23.05,33.46,22,11,W,0,0,1027,99,1675969200,-25200
19,Colorado,Denver/Boulder,4,Fri 2/10,Clear,sky is clear,http://openweathermap.org/img/wn/01d@2x.png,22.42,47.68,18,9,SW,0,0,1020,0,1676055600,-25200
20,Colorado,Denver/Boulder,5,Sat 2/11,Clouds,overcast clouds,http://openweathermap.org/img/wn/04d@2x.png,34.12,55.49,16,9,SW,0,0,1005,100,1676142000,-25200
21,Colorado,Grand Junction,1,Tue 2/7,Clear,sky is clear,http://openweathermap.org/img/wn/01d@2x.png,25.11,38.19,54,5,E,0,0,1030,3,1675796400,-25200
22,Colorado,Grand Junction,2,Wed 2/8,Snow,light snow,http://openweathermap.org/img/wn/13d@2x.png,28.31,41.13,52,18,NW,0,0.52,1024,1,1675882800,-25200
23,Colorado,Grand Junction,3,Thu 2/9,Clouds,scattered clouds,http://openweathermap.org/img/wn/03d@2x.png,26.4,34.68,36,8,NW,0,0,1035,30,1675969200,-25200
24,Colorado,Grand Junction,4,Fri 2/10,Clear,sky is clear,http://openweathermap.org/img/wn/01d@2x.png,27.43,39.18,34,6,E,0,0,1034,3,1676055600,-25200
25,Colorado,Grand Junction,5,Sat 2/11,Clouds,overcast clouds,http://openweathermap.org/img/wn/04d@2x.png,33.55,47.03,31,5,W,0,0,1011,100,1676142000,-25200
26,Colorado,Pueblo,1,Tue 2/7,Clear,sky is clear,http://openweathermap.org/img/wn/01d@2x.png,17.26,47.1,31,8,E,0,0,1023,0,1675796400,-25200
27,Colorado,Pueblo,2,Wed 2/8,Clear,sky is clear,http://openweathermap.org/img/wn/01d@2x.png,29.52,52.56,24,9,E,0,0,1013,0,1675882800,-25200
28,Colorado,Pueblo,3,Thu 2/9,Snow,snow,http://openweathermap.org/img/wn/13d@2x.png,24.84,36.72,27,25,N,0,1.78,1026,100,1675969200,-25200
29,Colorado,Pueblo,4,Fri 2/10,Clear,sky is clear,http://openweathermap.org/img/wn/01d@2x.png,23.43,44.06,27,6,E,0,0,1028,0,1676055600,-25200
30,Colorado,Pueblo,5,Sat 2/11,Clouds,overcast clouds,http://openweathermap.org/img/wn/04d@2x.png,34,59.95,19,9,SW,0,0,1008,100,1676142000,-25200
31,Illinois,Chicago,1,Tue 2/7,Clouds,overcast clouds,http://openweathermap.org/img/wn/04d@2x.png,31.68,47.16,74,20,S,0,0,1018,98,1675792800,-21600
32,Illinois,Chicago,2,Wed 2/8,Rain,moderate rain,http://openweathermap.org/img/wn/10d@2x.png,31.06,43.7,47,11,NE,1.43,0,1023,100,1675879200,-21600
33,Illinois,Chicago,3,Thu 2/9,Snow,rain and snow,http://openweathermap.org/img/wn/13d@2x.png,35.33,50.38,94,27,SW,17.4,1.37,999,100,1675965600,-21600
34,Illinois,Chicago,4,Fri 2/10,Snow,light snow,http://openweathermap.org/img/wn/13d@2x.png,27.37,33.53,71,12,NW,0,0.17,1019,100,1676052000,-21600
35,Illinois,Chicago,5,Sat 2/11,Clouds,few clouds,http://openweathermap.org/img/wn/02d@2x.png,25.59,35.31,58,10,NW,0,0,1024,19,1676138400,-21600
36,Illinois,Lincoln,1,Tue 2/7,Clouds,overcast clouds,http://openweathermap.org/img/wn/04d@2x.png,38.75,52.74,72,22,S,0,0,1020,95,1675792800,-21600
37,Illinois,Lincoln,2,Wed 2/8,Rain,moderate rain,http://openweathermap.org/img/wn/10d@2x.png,33.49,44.82,64,13,E,4.01,0,1023,100,1675879200,-21600
38,Illinois,Lincoln,3,Thu 2/9,Rain,moderate rain,http://openweathermap.org/img/wn/10d@2x.png,37.26,55.42,81,31,S,14.75,0,1009,100,1675965600,-21600
39,Illinois,Lincoln,4,Fri 2/10,Snow,light snow,http://openweathermap.org/img/wn/13d@2x.png,24.33,35.6,85,17,NW,0,1.95,1019,100,1676052000,-21600
40,Illinois,Lincoln,5,Sat 2/11,Clear,sky is clear,http://openweathermap.org/img/wn/01d@2x.png,22.75,35.96,53,12,NW,0,0,1025,6,1676138400,-21600
41,Indiana,Indianapolis,1,Tue 2/7,Rain,light rain,http://openweathermap.org/img/wn/10d@2x.png,41.59,52.02,90,14,S,0.15,0,1018,100,1675789200,-18000
42,Indiana,Indianapolis,2,Wed 2/8,Rain,moderate rain,http://openweathermap.org/img/wn/10d@2x.png,36.46,48.18,56,10,E,7.84,0,1025,100,1675875600,-18000
43,Indiana,Indianapolis,3,Thu 2/9,Rain,heavy intensity rain,http://openweathermap.org/img/wn/10d@2x.png,40.3,59.63,79,25,S,25.92,0,1007,99,1675962000,-18000
44,Indiana,Indianapolis,4,Fri 2/10,Snow,rain and snow,http://openweathermap.org/img/wn/13d@2x.png,31.32,41.38,77,15,NW,0.14,9.94,1014,100,1676048400,-18000
45,Indiana,Indianapolis,5,Sat 2/11,Snow,light snow,http://openweathermap.org/img/wn/13d@2x.png,24.84,32.41,80,14,NW,0,1.74,1023,22,1676134800,-18000
46,Indiana,Northern Indiana,1,Tue 2/7,Clouds,overcast clouds,http://openweathermap.org/img/wn/04d@2x.png,32.68,46.53,80,20,SE,0,0,1017,99,1675789200,-18000
47,Indiana,Northern Indiana,2,Wed 2/8,Clouds,overcast clouds,http://openweathermap.org/img/wn/04d@2x.png,30.33,42.57,57,11,E,0,0,1026,99,1675875600,-18000
48,Indiana,Northern Indiana,3,Thu 2/9,Rain,heavy intensity rain,http://openweathermap.org/img/wn/10d@2x.png,37.45,56.12,85,34,SW,21.7,0,999,84,1675962000,-18000
49,Indiana,Northern Indiana,4,Fri 2/10,Snow,light snow,http://openweathermap.org/img/wn/13d@2x.png,30.58,36.82,84,16,N,0,2.87,1016,91,1676048400,-18000
50,Indiana,Northern Indiana,5,Sat 2/11,Clear,sky is clear,http://openweathermap.org/img/wn/01d@2x.png,24.48,35.35,56,15,N,0,0,1023,10,1676134800,-18000
51,Iowa,Davenport/Quad Cities,1,Tue 2/7,Rain,light rain,http://openweathermap.org/img/wn/10d@2x.png,31.71,52.27,68,18,SW,0.33,0,1020,99,1675792800,-21600
52,Iowa,Davenport/Quad Cities,2,Wed 2/8,Rain,moderate rain,http://openweathermap.org/img/wn/10d@2x.png,31.42,45.21,42,13,NE,8.02,0,1022,99,1675879200,-21600
53,Iowa,Davenport/Quad Cities,3,Thu 2/9,Snow,rain and snow,http://openweathermap.org/img/wn/13d@2x.png,31.21,39.33,96,23,W,21.12,5.28,1008,100,1675965600,-21600
54,Iowa,Davenport/Quad Cities,4,Fri 2/10,Snow,light snow,http://openweathermap.org/img/wn/13d@2x.png,21.38,33.31,61,17,NW,0,0.56,1023,59,1676052000,-21600
55,Iowa,Davenport/Quad Cities,5,Sat 2/11,Clear,sky is clear,http://openweathermap.org/img/wn/01d@2x.png,20.19,34.27,56,9,NW,0,0,1026,7,1676138400,-21600
56,Iowa,Des Moines,1,Tue 2/7,Clouds,broken clouds,http://openweathermap.org/img/wn/04d@2x.png,32.16,40.66,69,18,W,0,0,1022,69,1675792800,-21600
57,Iowa,Des Moines,2,Wed 2/8,Rain,moderate rain,http://openweathermap.org/img/wn/10d@2x.png,31.87,46.02,43,9,SE,3.05,0,1020,0,1675879200,-21600
58,Iowa,Des Moines,3,Thu 2/9,Snow,rain and snow,http://openweathermap.org/img/wn/13d@2x.png,32.77,40.05,79,15,NW,4.27,8.86,1012,65,1675965600,-21600
59,Iowa,Des Moines,4,Fri 2/10,Snow,light snow,http://openweathermap.org/img/wn/13d@2x.png,18.52,28.76,46,17,NW,0,0.55,1028,1,1676052000,-21600
60,Iowa,Des Moines,5,Sat 2/11,Clouds,few clouds,http://openweathermap.org/img/wn/02d@2x.png,20.14,40.89,39,13,S,0,0,1023,11,1676138400,-21600
61,Kansas,Dodge City,1,Tue 2/7,Clouds,scattered clouds,http://openweathermap.org/img/wn/03d@2x.png,31.15,51.19,42,16,NW,0,0,1025,32,1675792800,-21600
62,Kansas,Dodge City,2,Wed 2/8,Clouds,few clouds,http://openweathermap.org/img/wn/02d@2x.png,33.8,52.27,38,11,W,0,0,1017,18,1675879200,-21600
63,Kansas,Dodge City,3,Thu 2/9,Clouds,broken clouds,http://openweathermap.org/img/wn/04d@2x.png,31.14,43.59,41,24,NW,0,0,1021,84,1675965600,-21600
64,Kansas,Dodge City,4,Fri 2/10,Snow,light snow,http://openweathermap.org/img/wn/13d@2x.png,24.64,41.36,24,23,NW,0,0.13,1032,0,1676052000,-21600
65,Kansas,Dodge City,5,Sat 2/11,Clear,sky is clear,http://openweathermap.org/img/wn/01d@2x.png,30.43,64.78,21,25,S,0,0,1014,5,1676138400,-21600
66,Kansas,Goodland,1,Tue 2/7,Clear,sky is clear,http://openweathermap.org/img/wn/01d@2x.png,26.73,45.07,47,13,NW,0,0,1024,0,1675796400,-25200
67,Kansas,Goodland,2,Wed 2/8,Clear,sky is clear,http://openweathermap.org/img/wn/01d@2x.png,29.95,48.97,34,19,NW,0,0,1014,2,1675882800,-25200
68,Kansas,Goodland,3,Thu 2/9,Snow,light snow,http://openweathermap.org/img/wn/13d@2x.png,24.62,34.79,53,30,NW,0,2.19,1024,100,1675969200,-25200
69,Kansas,Goodland,4,Fri 2/10,Clear,sky is clear,http://openweathermap.org/img/wn/01d@2x.png,19.44,40.59,36,12,S,0,0,1030,3,1676055600,-25200
70,Kansas,Goodland,5,Sat 2/11,Clear,sky is clear,http://openweathermap.org/img/wn/01d@2x.png,28.63,59.13,26,15,S,0,0,1008,8,1676142000,-25200
71,Kansas,Topeka,1,Tue 2/7,Clouds,few clouds,http://openweathermap.org/img/wn/02d@2x.png,34.18,49.55,48,13,W,0,0,1023,23,1675792800,-21600
72,Kansas,Topeka,2,Wed 2/8,Rain,light rain,http://openweathermap.org/img/wn/10d@2x.png,32.67,41.7,66,10,NW,1.67,0,1020,64,1675879200,-21600
73,Kansas,Topeka,3,Thu 2/9,Rain,moderate rain,http://openweathermap.org/img/wn/10d@2x.png,33.19,43.39,66,18,W,1.2,0,1016,35,1675965600,-21600
74,Kansas,Topeka,4,Fri 2/10,Snow,light snow,http://openweathermap.org/img/wn/13d@2x.png,25.23,37.87,36,20,NW,0,0.85,1029,40,1676052000,-21600
75,Kansas,Topeka,5,Sat 2/11,Clear,sky is clear,http://openweathermap.org/img/wn/01d@2x.png,26.94,47.77,30,18,SE,0,0,1023,0,1676138400,-21600
76,Kansas,Wichita,1,Tue 2/7,Clouds,overcast clouds,http://openweathermap.org/img/wn/04d@2x.png,36.18,52.14,32,15,NW,0,0,1024,95,1675792800,-21600
77,Kansas,Wichita,2,Wed 2/8,Clouds,overcast clouds,http://openweathermap.org/img/wn/04d@2x.png,36.5,46.02,47,7,N,0,0,1018,93,1675879200,-21600
78,Kansas,Wichita,3,Thu 2/9,Rain,light rain,http://openweathermap.org/img/wn/10d@2x.png,37.17,47.52,53,17,NW,0.1,0,1018,55,1675965600,-21600
79,Kansas,Wichita,4,Fri 2/10,Snow,light snow,http://openweathermap.org/img/wn/13d@2x.png,27.21,40.28,32,18,NW,0,0.72,1031,36,1676052000,-21600
80,Kansas,Wichita,5,Sat 2/11,Clear,sky is clear,http://openweathermap.org/img/wn/01d@2x.png,27.64,52.99,22,20,S,0,0,1021,2,1676138400,-21600
81,Kentucky,Jackson,1,Tue 2/7,Clouds,broken clouds,http://openweathermap.org/img/wn/04d@2x.png,41.25,60.33,48,12,S,0,0,1023,82,1675789200,-18000
82,Kentucky,Jackson,2,Wed 2/8,Clouds,overcast clouds,http://openweathermap.org/img/wn/04d@2x.png,48.92,61.56,89,8,SW,0,0,1026,100,1675875600,-18000
83,Kentucky,Jackson,3,Thu 2/9,Rain,light rain,http://openweathermap.org/img/wn/10d@2x.png,46.76,62.26,80,20,S,0.56,0,1013,100,1675962000,-18000
84,Kentucky,Jackson,4,Fri 2/10,Clouds,overcast clouds,http://openweathermap.org/img/wn/04d@2x.png,40.68,60.69,49,11,SW,0,0,1012,88,1676048400,-18000
85,Kentucky,Jackson,5,Sat 2/11,Snow,rain and snow,http://openweathermap.org/img/wn/13d@2x.png,31.46,41.94,92,11,SW,0.65,3.57,1017,100,1676134800,-18000
86,Kentucky,Louisville,1,Tue 2/7,Rain,light rain,http://openweathermap.org/img/wn/10d@2x.png,43.9,56.7,75,13,S,1.83,0,1021,100,1675789200,-18000
87,Kentucky,Louisville,2,Wed 2/8,Rain,moderate rain,http://openweathermap.org/img/wn/10d@2x.png,45.01,57.92,86,14,SE,9.4,0,1025,100,1675875600,-18000
88,Kentucky,Louisville,3,Thu 2/9,Rain,moderate rain,http://openweathermap.org/img/wn/10d@2x.png,45.19,61.5,75,24,SE,10.28,0,1013,58,1675962000,-18000
89,Kentucky,Louisville,4,Fri 2/10,Rain,light rain,http://openweathermap.org/img/wn/10d@2x.png,39.52,59.09,54,11,NW,0.98,0,1012,1,1676048400,-18000
90,Kentucky,Louisville,5,Sat 2/11,Snow,light snow,http://openweathermap.org/img/wn/13d@2x.png,29.68,38.08,69,14,NW,0,1.16,1021,100,1676134800,-18000
91,Kentucky,Paducah,1,Tue 2/7,Rain,moderate rain,http://openweathermap.org/img/wn/10d@2x.png,47.84,58.53,80,14,S,3.15,0,1021,100,1675792800,-21600
92,Kentucky,Paducah,2,Wed 2/8,Rain,heavy intensity rain,http://openweathermap.org/img/wn/10d@2x.png,47.28,63.52,97,19,SE,35.6,0,1020,100,1675879200,-21600
93,Kentucky,Paducah,3,Thu 2/9,Rain,heavy intensity rain,http://openweathermap.org/img/wn/10d@2x.png,47.91,63.37,57,26,SW,18.15,0,1016,62,1675965600,-21600
94,Kentucky,Paducah,4,Fri 2/10,Snow,rain and snow,http://openweathermap.org/img/wn/13d@2x.png,32.27,46.56,91,16,NW,0.21,0.77,1013,81,1676052000,-21600
95,Kentucky,Paducah,5,Sat 2/11,Clouds,broken clouds,http://openweathermap.org/img/wn/04d@2x.png,24.98,39.43,56,13,NW,0,0,1025,67,1676138400,-21600
96,Michigan,Detroit/Pontiac,1,Tue 2/7,Rain,light rain,http://openweathermap.org/img/wn/10d@2x.png,28.2,43.18,90,18,SW,0.12,0,1012,100,1675789200,-18000
97,Michigan,Detroit/Pontiac,2,Wed 2/8,Clouds,scattered clouds,http://openweathermap.org/img/wn/03d@2x.png,30.04,38.32,69,9,W,0,0,1026,40,1675875600,-18000
98,Michigan,Detroit/Pontiac,3,Thu 2/9,Rain,moderate rain,http://openweathermap.org/img/wn/10d@2x.png,33.35,52.45,76,29,SW,18.85,0,997,99,1675962000,-18000
99,Michigan,Detroit/Pontiac,4,Fri 2/10,Snow,light snow,http://openweathermap.org/img/wn/13d@2x.png,29.88,35.65,82,16,SW,0,0.13,1016,100,1676048400,-18000
100,Michigan,Detroit/Pontiac,5,Sat 2/11,Clouds,overcast clouds,http://openweathermap.org/img/wn/04d@2x.png,25.86,33.78,53,12,N,0,0,1022,88,1676134800,-18000
101,Michigan,Gaylord,1,Tue 2/7,Snow,rain and snow,http://openweathermap.org/img/wn/13d@2x.png,25.95,35.87,98,22,SE,1.55,2.61,1008,100,1675789200,-18000
102,Michigan,Gaylord,2,Wed 2/8,Clear,sky is clear,http://openweathermap.org/img/wn/01d@2x.png,17.13,34.18,97,10,SW,0,0,1023,8,1675875600,-18000
103,Michigan,Gaylord,3,Thu 2/9,Snow,snow,http://openweathermap.org/img/wn/13d@2x.png,28.09,31.91,98,19,NE,0,22,998,100,1675962000,-18000
104,Michigan,Gaylord,4,Fri 2/10,Snow,light snow,http://openweathermap.org/img/wn/13d@2x.png,16.05,31.19,87,15,W,0,2.72,1017,100,1676048400,-18000
105,Michigan,Gaylord,5,Sat 2/11,Clouds,scattered clouds,http://openweathermap.org/img/wn/03d@2x.png,4.98,28.22,79,7,S,0,0,1024,28,1676134800,-18000
106,Michigan,Grand Rapids,1,Tue 2/7,Rain,light rain,http://openweathermap.org/img/wn/10d@2x.png,31.32,43.23,88,21,S,0.14,0,1014,97,1675789200,-18000
107,Michigan,Grand Rapids,2,Wed 2/8,Clouds,scattered clouds,http://openweathermap.org/img/wn/03d@2x.png,29.26,39.58,67,9,W,0,0,1025,36,1675875600,-18000
108,Michigan,Grand Rapids,3,Thu 2/9,Snow,rain and snow,http://openweathermap.org/img/wn/13d@2x.png,34,47.88,80,33,W,25.66,2.26,994,98,1675962000,-18000
109,Michigan,Grand Rapids,4,Fri 2/10,Snow,light snow,http://openweathermap.org/img/wn/13d@2x.png,27.3,35.71,72,13,SW,0,0.32,1017,99,1676048400,-18000
110,Michigan,Grand Rapids,5,Sat 2/11,Clear,sky is clear,http://openweathermap.org/img/wn/01d@2x.png,24.62,33.96,51,11,N,0,0,1023,7,1676134800,-18000
111,Michigan,Marquette,1,Tue 2/7,Snow,snow,http://openweathermap.org/img/wn/13d@2x.png,22.57,32.23,83,16,SE,0,4.76,1009,98,1675792800,-18000
112,Michigan,Marquette,2,Wed 2/8,Clouds,few clouds,http://openweathermap.org/img/wn/02d@2x.png,15.26,34,100,10,S,0,0,1019,21,1675879200,-18000
113,Michigan,Marquette,3,Thu 2/9,Snow,snow,http://openweathermap.org/img/wn/13d@2x.png,21.51,31.1,99,12,NW,0,6.24,1004,100,1675965600,-18000
114,Michigan,Marquette,4,Fri 2/10,Snow,light snow,http://openweathermap.org/img/wn/13d@2x.png,8.65,27.41,86,12,NW,0,2.15,1021,92,1676052000,-18000
115,Michigan,Marquette,5,Sat 2/11,Clouds,few clouds,http://openweathermap.org/img/wn/02d@2x.png,-0.31,29.84,82,13,S,0,0,1020,23,1676138400,-18000
116,Minnesota,Duluth,1,Tue 2/7,Clouds,broken clouds,http://openweathermap.org/img/wn/04d@2x.png,15.33,31.21,83,14,W,0,0,1015,81,1675792800,-21600
117,Minnesota,Duluth,2,Wed 2/8,Clouds,few clouds,http://openweathermap.org/img/wn/02d@2x.png,14.29,31.46,100,8,S,0,0,1017,21,1675879200,-21600
118,Minnesota,Duluth,3,Thu 2/9,Clouds,overcast clouds,http://openweathermap.org/img/wn/04d@2x.png,17.35,32.04,96,15,NW,0,0,1011,100,1675965600,-21600
119,Minnesota,Duluth,4,Fri 2/10,Clouds,few clouds,http://openweathermap.org/img/wn/02d@2x.png,-1.77,17.31,80,12,NW,0,0,1028,23,1676052000,-21600
120,Minnesota,Duluth,5,Sat 2/11,Clouds,broken clouds,http://openweathermap.org/img/wn/04d@2x.png,-2.4,28.29,79,12,S,0,0,1018,68,1676138400,-21600
121,Minnesota,Chanhassen/Twin Cities,1,Tue 2/7,Clouds,scattered clouds,http://openweathermap.org/img/wn/03d@2x.png,21.31,33.35,84,16,W,0,0,1019,28,1675792800,-21600
122,Minnesota,Chanhassen/Twin Cities,2,Wed 2/8,Clear,sky is clear,http://openweathermap.org/img/wn/01d@2x.png,20.28,33.48,99,9,S,0,0,1018,3,1675879200,-21600
123,Minnesota,Chanhassen/Twin Cities,3,Thu 2/9,Snow,light snow,http://openweathermap.org/img/wn/13d@2x.png,21.74,32.29,98,16,NW,0,1.32,1012,100,1675965600,-21600
124,Minnesota,Chanhassen/Twin Cities,4,Fri 2/10,Clear,sky is clear,http://openweathermap.org/img/wn/01d@2x.png,6.04,16.65,81,13,NW,0,0,1029,6,1676052000,-21600
125,Minnesota,Chanhassen/Twin Cities,5,Sat 2/11,Clouds,scattered clouds,http://openweathermap.org/img/wn/03d@2x.png,6.85,29.16,77,13,S,0,0,1019,49,1676138400,-21600
126,Missouri,Kansas City/Pleasant Hill,1,Tue 2/7,Clouds,broken clouds,http://openweathermap.org/img/wn/04d@2x.png,36.91,49.37,54,12,NW,0,0,1023,59,1675792800,-21600
127,Missouri,Kansas City/Pleasant Hill,2,Wed 2/8,Rain,heavy intensity rain,http://openweathermap.org/img/wn/10d@2x.png,34.52,39.42,84,15,NW,16.7,0,1019,97,1675879200,-21600
128,Missouri,Kansas City/Pleasant Hill,3,Thu 2/9,Rain,moderate rain,http://openweathermap.org/img/wn/10d@2x.png,33.75,48.22,62,16,W,4.39,0,1014,0,1675965600,-21600
129,Missouri,Kansas City/Pleasant Hill,4,Fri 2/10,Snow,light snow,http://openweathermap.org/img/wn/13d@2x.png,27.7,37.56,43,17,NW,0,1.51,1027,71,1676052000,-21600
130,Missouri,Kansas City/Pleasant Hill,5,Sat 2/11,Clear,sky is clear,http://openweathermap.org/img/wn/01d@2x.png,25.3,44.56,35,12,S,0,0,1025,0,1676138400,-21600
131,Missouri,Springfield,1,Tue 2/7,Rain,moderate rain,http://openweathermap.org/img/wn/10d@2x.png,42.71,55.51,72,13,S,10.2,0,1022,100,1675792800,-21600
132,Missouri,Springfield,2,Wed 2/8,Rain,heavy intensity rain,http://openweathermap.org/img/wn/10d@2x.png,41.76,52.93,98,16,E,32.02,0,1015,100,1675879200,-21600
133,Missouri,Springfield,3,Thu 2/9,Rain,light rain,http://openweathermap.org/img/wn/10d@2x.png,37.33,51.37,55,20,SW,1.95,0,1015,0,1675965600,-21600
134,Missouri,Springfield,4,Fri 2/10,Snow,rain and snow,http://openweathermap.org/img/wn/13d@2x.png,27.46,38.84,88,17,NW,0.34,2.49,1024,100,1676052000,-21600
135,Missouri,Springfield,5,Sat 2/11,Clear,sky is clear,http://openweathermap.org/img/wn/01d@2x.png,24.12,43.9,30,9,SE,0,0,1026,0,1676138400,-21600
136,Missouri,St. Louis,1,Tue 2/7,Clouds,overcast clouds,http://openweathermap.org/img/wn/04d@2x.png,42.75,58.59,56,17,S,0,0,1021,100,1675792800,-21600
137,Missouri,St. Louis,2,Wed 2/8,Rain,moderate rain,http://openweathermap.org/img/wn/10d@2x.png,40.42,50.27,76,10,E,10.44,0,1020,100,1675879200,-21600
138,Missouri,St. Louis,3,Thu 2/9,Rain,moderate rain,http://openweathermap.org/img/wn/10d@2x.png,41.61,57.4,57,25,SW,8.03,0,1013,82,1675965600,-21600
139,Missouri,St. Louis,4,Fri 2/10,Snow,rain and snow,http://openweathermap.org/img/wn/13d@2x.png,26.33,41.5,92,15,NW,1.54,6.91,1020,100,1676052000,-21600
140,Missouri,St. Louis,5,Sat 2/11,Clear,sky is clear,http://openweathermap.org/img/wn/01d@2x.png,22.46,37.17,52,10,NW,0,0,1026,5,1676138400,-21600
141,Nebraska,Hastings,1,Tue 2/7,Clear,sky is clear,http://openweathermap.org/img/wn/01d@2x.png,30.13,48.51,52,15,W,0,0,1024,4,1675792800,-21600
142,Nebraska,Hastings,2,Wed 2/8,Clouds,scattered clouds,http://openweathermap.org/img/wn/03d@2x.png,31.51,50.47,52,10,S,0,0,1017,38,1675879200,-21600
143,Nebraska,Hastings,3,Thu 2/9,Snow,light snow,http://openweathermap.org/img/wn/13d@2x.png,27.34,38.8,68,22,NW,0,2.08,1019,99,1675965600,-21600
144,Nebraska,Hastings,4,Fri 2/10,Snow,light snow,http://openweathermap.org/img/wn/13d@2x.png,20.23,36.93,43,19,NW,0,0.28,1031,1,1676052000,-21600
145,Nebraska,Hastings,5,Sat 2/11,Clear,sky is clear,http://openweathermap.org/img/wn/01d@2x.png,26.62,50.41,30,20,S,0,0,1016,10,1676138400,-21600
146,Nebraska,North Platte,1,Tue 2/7,Clear,sky is clear,http://openweathermap.org/img/wn/01d@2x.png,26.35,42.33,65,14,W,0,0,1024,3,1675792800,-21600
147,Nebraska,North Platte,2,Wed 2/8,Clear,sky is clear,http://openweathermap.org/img/wn/01d@2x.png,32.65,45.88,50,17,NW,0,0,1016,1,1675879200,-21600
148,Nebraska,North Platte,3,Thu 2/9,Snow,light snow,http://openweathermap.org/img/wn/13d@2x.png,27.91,35.44,73,25,NW,0,1.61,1023,99,1675965600,-21600
149,Nebraska,North Platte,4,Fri 2/10,Clear,sky is clear,http://openweathermap.org/img/wn/01d@2x.png,25.25,38.03,44,13,NW,0,0,1030,0,1676052000,-21600
150,Nebraska,North Platte,5,Sat 2/11,Clouds,scattered clouds,http://openweathermap.org/img/wn/03d@2x.png,30.45,48.74,37,15,S,0,0,1011,30,1676138400,-21600
151,Nebraska,Omaha/Valley,1,Tue 2/7,Clouds,few clouds,http://openweathermap.org/img/wn/02d@2x.png,31.77,45.01,49,17,W,0,0,1023,18,1675792800,-21600
152,Nebraska,Omaha/Valley,2,Wed 2/8,Clear,sky is clear,http://openweathermap.org/img/wn/01d@2x.png,32.02,49.57,40,10,S,0,0,1018,0,1675879200,-21600
153,Nebraska,Omaha/Valley,3,Thu 2/9,Snow,light snow,http://openweathermap.org/img/wn/13d@2x.png,28.6,38.52,75,19,NW,0,0.29,1016,95,1675965600,-21600
154,Nebraska,Omaha/Valley,4,Fri 2/10,Snow,light snow,http://openweathermap.org/img/wn/13d@2x.png,19.53,35.11,45,19,NW,0,0.46,1031,0,1676052000,-21600
155,Nebraska,Omaha/Valley,5,Sat 2/11,Clouds,few clouds,http://openweathermap.org/img/wn/02d@2x.png,24.67,47.98,29,19,S,0,0,1019,11,1676138400,-21600
156,North Dakota,Bismarck,1,Tue 2/7,Clouds,broken clouds,http://openweathermap.org/img/wn/04d@2x.png,21.74,36.27,92,9,SW,0,0,1017,60,1675792800,-21600
157,North Dakota,Bismarck,2,Wed 2/8,Clouds,scattered clouds,http://openweathermap.org/img/wn/03d@2x.png,24.49,37.06,92,9,W,0,0,1012,45,1675879200,-21600
158,North Dakota,Bismarck,3,Thu 2/9,Clouds,broken clouds,http://openweathermap.org/img/wn/04d@2x.png,20.35,31.96,73,18,NW,0,0,1030,80,1675965600,-21600
159,North Dakota,Bismarck,4,Fri 2/10,Clouds,scattered clouds,http://openweathermap.org/img/wn/03d@2x.png,17.11,31.15,68,13,S,0,0,1025,38,1676052000,-21600
160,North Dakota,Bismarck,5,Sat 2/11,Clouds,overcast clouds,http://openweathermap.org/img/wn/04d@2x.png,26.08,36.72,74,8,S,0,0,1010,100,1676138400,-21600
161,North Dakota,Grand Forks,1,Tue 2/7,Clouds,broken clouds,http://openweathermap.org/img/wn/04d@2x.png,13.95,32.23,82,16,W,0,0,1015,62,1675792800,-21600
162,North Dakota,Grand Forks,2,Wed 2/8,Clouds,broken clouds,http://openweathermap.org/img/wn/04d@2x.png,19.8,32.83,96,9,NW,0,0,1013,84,1675879200,-21600
163,North Dakota,Grand Forks,3,Thu 2/9,Clouds,overcast clouds,http://openweathermap.org/img/wn/04d@2x.png,4.21,30.85,87,23,NW,0,0,1025,94,1675965600,-21600
164,North Dakota,Grand Forks,4,Fri 2/10,Clouds,scattered clouds,http://openweathermap.org/img/wn/03d@2x.png,-3.23,18.66,89,17,SE,0,0,1028,38,1676052000,-21600
165,North Dakota,Grand Forks,5,Sat 2/11,Clouds,overcast clouds,http://openweathermap.org/img/wn/04d@2x.png,18.88,32.04,88,17,S,0,0,1011,100,1676138400,-21600
166,South Dakota,Aberdeen,1,Tue 2/7,Clouds,scattered clouds,http://openweathermap.org/img/wn/03d@2x.png,20.37,33.64,89,14,W,0,0,1019,39,1675792800,-21600
167,South Dakota,Aberdeen,2,Wed 2/8,Clear,sky is clear,http://openweathermap.org/img/wn/01d@2x.png,20.89,32.86,89,8,S,0,0,1015,0,1675879200,-21600
168,South Dakota,Aberdeen,3,Thu 2/9,Snow,light snow,http://openweathermap.org/img/wn/13d@2x.png,12,33.75,86,23,NW,0,0.13,1024,100,1675965600,-21600
169,South Dakota,Aberdeen,4,Fri 2/10,Clear,sky is clear,http://openweathermap.org/img/wn/01d@2x.png,3.72,22.03,88,11,SE,0,0,1030,7,1676052000,-21600
170,South Dakota,Aberdeen,5,Sat 2/11,Clouds,overcast clouds,http://openweathermap.org/img/wn/04d@2x.png,16.68,30.13,88,11,SE,0,0,1012,94,1676138400,-21600
171,South Dakota,Rapid City,1,Tue 2/7,Clouds,scattered clouds,http://openweathermap.org/img/wn/03d@2x.png,30.51,47.73,50,11,NW,0,0,1018,40,1675796400,-25200
172,South Dakota,Rapid City,2,Wed 2/8,Snow,rain and snow,http://openweathermap.org/img/wn/13d@2x.png,32.04,42.94,57,24,NW,0.12,0.1,1011,100,1675882800,-25200
173,South Dakota,Rapid City,3,Thu 2/9,Snow,light snow,http://openweathermap.org/img/wn/13d@2x.png,23.41,31.33,73,30,NW,0,1.46,1030,100,1675969200,-25200
174,South Dakota,Rapid City,4,Fri 2/10,Clear,sky is clear,http://openweathermap.org/img/wn/01d@2x.png,22.77,42.06,33,6,S,0,0,1021,0,1676055600,-25200
175,South Dakota,Rapid City,5,Sat 2/11,Clouds,overcast clouds,http://openweathermap.org/img/wn/04d@2x.png,31.5,42.24,52,18,NW,0,0,1009,100,1676142000,-25200
176,South Dakota,Sioux Falls,1,Tue 2/7,Clear,sky is clear,http://openweathermap.org/img/wn/01d@2x.png,18.66,33.55,82,15,W,0,0,1023,6,1675792800,-21600
177,South Dakota,Sioux Falls,2,Wed 2/8,Clouds,few clouds,http://openweathermap.org/img/wn/02d@2x.png,16.81,33.89,98,10,SE,0,0,1017,20,1675879200,-21600
178,South Dakota,Sioux Falls,3,Thu 2/9,Snow,light snow,http://openweathermap.org/img/wn/13d@2x.png,16.83,31.6,95,20,NW,0,0.55,1017,100,1675965600,-21600
179,South Dakota,Sioux Falls,4,Fri 2/10,Clear,sky is clear,http://openweathermap.org/img/wn/01d@2x.png,2.12,21.63,80,12,NW,0,0,1032,5,1676052000,-21600
180,South Dakota,Sioux Falls,5,Sat 2/11,Clouds,scattered clouds,http://openweathermap.org/img/wn/03d@2x.png,11.44,34.05,78,15,SE,0,0,1016,49,1676138400,-21600
181,Wisconsin,Green Bay,1,Tue 2/7,Rain,moderate rain,http://openweathermap.org/img/wn/10d@2x.png,27.64,39.42,75,19,S,2.65,0,1013,100,1675792800,-21600
182,Wisconsin,Green Bay,2,Wed 2/8,Clear,sky is clear,http://openweathermap.org/img/wn/01d@2x.png,26.02,39.27,67,11,S,0,0,1022,4,1675879200,-21600
183,Wisconsin,Green Bay,3,Thu 2/9,Snow,rain and snow,http://openweathermap.org/img/wn/13d@2x.png,32.18,33.84,98,24,N,0.62,24.45,998,100,1675965600,-21600
184,Wisconsin,Green Bay,4,Fri 2/10,Clouds,broken clouds,http://openweathermap.org/img/wn/04d@2x.png,17.46,31.51,79,12,NW,0,0,1021,80,1676052000,-21600
185,Wisconsin,Green Bay,5,Sat 2/11,Clear,sky is clear,http://openweathermap.org/img/wn/01d@2x.png,10.51,26.11,81,9,S,0,0,1025,7,1676138400,-21600
186,Wisconsin,La Crosse,1,Tue 2/7,Clouds,broken clouds,http://openweathermap.org/img/wn/04d@2x.png,28.42,37.74,79,15,W,0,0,1017,83,1675792800,-21600
187,Wisconsin,La Crosse,2,Wed 2/8,Clear,sky is clear,http://openweathermap.org/img/wn/01d@2x.png,27.79,42.08,59,10,S,0,0,1021,2,1675879200,-21600
188,Wisconsin,La Crosse,3,Thu 2/9,Snow,rain and snow,http://openweathermap.org/img/wn/13d@2x.png,31.95,34.25,99,14,NW,0.17,11.98,1007,100,1675965600,-21600
189,Wisconsin,La Crosse,4,Fri 2/10,Clouds,overcast clouds,http://openweathermap.org/img/wn/04d@2x.png,14.81,29.53,76,15,NW,0,0,1026,86,1676052000,-21600
190,Wisconsin,La Crosse,5,Sat 2/11,Clouds,few clouds,http://openweathermap.org/img/wn/02d@2x.png,13.78,30.06,74,10,S,0,0,1024,16,1676138400,-21600
191,Wisconsin,Milwaukee/Sullivan,1,Tue 2/7,Rain,light rain,http://openweathermap.org/img/wn/10d@2x.png,29.21,42.55,85,22,S,0.89,0,1016,97,1675792800,-21600
192,Wisconsin,Milwaukee/Sullivan,2,Wed 2/8,Clouds,scattered clouds,http://openweathermap.org/img/wn/03d@2x.png,28.96,42.03,57,9,S,0,0,1023,43,1675879200,-21600
193,Wisconsin,Milwaukee/Sullivan,3,Thu 2/9,Snow,rain and snow,http://openweathermap.org/img/wn/13d@2x.png,32.2,34.34,98,24,W,23.16,5.02,996,100,1675965600,-21600
194,Wisconsin,Milwaukee/Sullivan,4,Fri 2/10,Snow,light snow,http://openweathermap.org/img/wn/13d@2x.png,21.24,33.37,82,14,NW,0,0.64,1021,100,1676052000,-21600
195,Wisconsin,Milwaukee/Sullivan,5,Sat 2/11,Clear,sky is clear,http://openweathermap.org/img/wn/01d@2x.png,17.33,30.47,70,8,NW,0,0,1025,6,1676138400,-21600
196,Wyoming,Cheyenne,1,Tue 2/7,Clear,sky is clear,http://openweathermap.org/img/wn/01d@2x.png,24.64,40.19,33,14,W,0,0,1021,0,1675796400,-25200
197,Wyoming,Cheyenne,2,Wed 2/8,Clouds,overcast clouds,http://openweathermap.org/img/wn/04d@2x.png,21.25,39.36,42,33,W,0,0,1012,95,1675882800,-25200
198,Wyoming,Cheyenne,3,Thu 2/9,Snow,light snow,http://openweathermap.org/img/wn/13d@2x.png,18.37,24.4,58,33,NW,0,0.41,1031,68,1675969200,-25200
199,Wyoming,Cheyenne,4,Fri 2/10,Clear,sky is clear,http://openweathermap.org/img/wn/01d@2x.png,17.73,44.38,23,9,SW,0,0,1021,0,1676055600,-25200
200,Wyoming,Cheyenne,5,Sat 2/11,Clouds,overcast clouds,http://openweathermap.org/img/wn/04d@2x.png,24.75,52.27,16,20,NW,0,0,1005,100,1676142000,-25200
201,Wyoming,Riverton,1,Tue 2/7,Clear,sky is clear,http://openweathermap.org/img/wn/01d@2x.png,4.32,26.02,70,5,S,0,0,1031,5,1675796400,-25200
202,Wyoming,Riverton,2,Wed 2/8,Snow,light snow,http://openweathermap.org/img/wn/13d@2x.png,2.86,31.59,78,20,SW,0,0.8,1020,8,1675882800,-25200
203,Wyoming,Riverton,3,Thu 2/9,Clear,sky is clear,http://openweathermap.org/img/wn/01d@2x.png,-3.48,23.54,68,8,S,0,0,1037,2,1675969200,-25200
204,Wyoming,Riverton,4,Fri 2/10,Clouds,few clouds,http://openweathermap.org/img/wn/02d@2x.png,-6.23,21.92,74,2,S,0,0,1035,14,1676055600,-25200
205,Wyoming,Riverton,5,Sat 2/11,Snow,light snow,http://openweathermap.org/img/wn/13d@2x.png,4.96,25.36,78,5,SE,0,1.07,1018,99,1676142000,-25200
206,Maine,Caribou,1,Tue 2/7,Snow,light snow,http://openweathermap.org/img/wn/13d@2x.png,-9.83,23.31,83,14,SE,0,0.63,1030,13,1675785600,-18000
207,Maine,Caribou,2,Wed 2/8,Snow,light snow,http://openweathermap.org/img/wn/13d@2x.png,-0.49,33.85,96,13,NW,0,1.34,1010,86,1675872000,-18000
208,Maine,Caribou,3,Thu 2/9,Snow,light snow,http://openweathermap.org/img/wn/13d@2x.png,-9.74,25.47,81,8,E,0,0.23,1025,33,1675958400,-18000
209,Maine,Caribou,4,Fri 2/10,Snow,snow,http://openweathermap.org/img/wn/13d@2x.png,25.41,33.06,97,13,E,0,15.1,1002,100,1676044800,-18000
210,Maine,Caribou,5,Sat 2/11,Clouds,overcast clouds,http://openweathermap.org/img/wn/04d@2x.png,-6.47,23.52,86,12,NW,0,0,1014,100,1676131200,-18000
211,Maine,Gray/Portland,1,Tue 2/7,Snow,snow,http://openweathermap.org/img/wn/13d@2x.png,14.04,28.74,60,10,N,0,0.73,1029,4,1675785600,-18000
212,Maine,Gray/Portland,2,Wed 2/8,Clouds,overcast clouds,http://openweathermap.org/img/wn/04d@2x.png,25.74,39.92,83,9,S,0,0,1016,88,1675872000,-18000
213,Maine,Gray/Portland,3,Thu 2/9,Snow,rain and snow,http://openweathermap.org/img/wn/13d@2x.png,23.68,38.71,77,5,SE,6.03,6.65,1025,100,1675958400,-18000
214,Maine,Gray/Portland,4,Fri 2/10,Rain,light rain,http://openweathermap.org/img/wn/10d@2x.png,31.17,42.87,76,15,SW,1.04,0,1006,32,1676044800,-18000
215,Maine,Gray/Portland,5,Sat 2/11,Clouds,overcast clouds,http://openweathermap.org/img/wn/04d@2x.png,28.24,35.19,83,8,NW,0,0,1014,100,1676131200,-18000
216,Massachusetts,Boston,1,Tue 2/7,Rain,light rain,http://openweathermap.org/img/wn/10d@2x.png,24.96,37.78,50,11,N,0.79,0,1028,2,1675785600,-18000
217,Massachusetts,Boston,2,Wed 2/8,Rain,light rain,http://openweathermap.org/img/wn/10d@2x.png,31.48,46.6,56,13,W,0.12,0,1018,6,1675872000,-18000
218,Massachusetts,Boston,3,Thu 2/9,Rain,light rain,http://openweathermap.org/img/wn/10d@2x.png,31.17,49.57,45,13,S,5.26,0,1025,100,1675958400,-18000
219,Massachusetts,Boston,4,Fri 2/10,Rain,light rain,http://openweathermap.org/img/wn/10d@2x.png,41.79,53.78,67,13,SW,0.11,0,1011,0,1676044800,-18000
220,Massachusetts,Boston,5,Sat 2/11,Snow,rain and snow,http://openweathermap.org/img/wn/13d@2x.png,36.77,44.11,73,10,N,0.61,0.28,1013,100,1676131200,-18000
221,New Jersey,Mount Holly/Philadelphia,1,Tue 2/7,Clouds,overcast clouds,http://openweathermap.org/img/wn/04d@2x.png,26.19,44.85,45,9,S,0,0,1028,100,1675789200,-18000
222,New Jersey,Mount Holly/Philadelphia,2,Wed 2/8,Clouds,scattered clouds,http://openweathermap.org/img/wn/03d@2x.png,39.43,50.79,51,14,W,0,0,1023,42,1675875600,-18000
223,New Jersey,Mount Holly/Philadelphia,3,Thu 2/9,Rain,light rain,http://openweathermap.org/img/wn/10d@2x.png,35.98,59.04,64,17,S,1.06,0,1021,100,1675962000,-18000
224,New Jersey,Mount Holly/Philadelphia,4,Fri 2/10,Clouds,scattered clouds,http://openweathermap.org/img/wn/03d@2x.png,48.33,57.88,52,16,SW,0,0,1016,36,1676048400,-18000
225,New Jersey,Mount Holly/Philadelphia,5,Sat 2/11,Rain,moderate rain,http://openweathermap.org/img/wn/10d@2x.png,39.06,46.24,85,12,N,14.81,0,1014,100,1676134800,-18000
226,New York,Albany,1,Tue 2/7,Rain,light rain,http://openweathermap.org/img/wn/10d@2x.png,16.79,38.19,45,14,SE,0.67,0,1024,47,1675789200,-18000
227,New York,Albany,2,Wed 2/8,Clouds,broken clouds,http://openweathermap.org/img/wn/04d@2x.png,31.84,40.08,68,12,W,0,0,1022,82,1675875600,-18000
228,New York,Albany,3,Thu 2/9,Rain,moderate rain,http://openweathermap.org/img/wn/10d@2x.png,31.32,41.09,85,14,SE,10.65,0,1022,100,1675962000,-18000
229,New York,Albany,4,Fri 2/10,Clouds,broken clouds,http://openweathermap.org/img/wn/04d@2x.png,36.36,44.56,65,13,SW,0,0,1014,72,1676048400,-18000
230,New York,Albany,5,Sat 2/11,Clouds,overcast clouds,http://openweathermap.org/img/wn/04d@2x.png,28.8,37.24,74,8,N,0,0,1018,100,1676134800,-18000
231,New York,Binghamton,1,Tue 2/7,Rain,light rain,http://openweathermap.org/img/wn/10d@2x.png,20.17,39.65,53,15,SE,0.3,0,1022,100,1675789200,-18000
232,New York,Binghamton,2,Wed 2/8,Rain,light rain,http://openweathermap.org/img/wn/10d@2x.png,31.86,39.36,67,13,W,0.12,0,1024,90,1675875600,-18000
233,New York,Binghamton,3,Thu 2/9,Rain,moderate rain,http://openweathermap.org/img/wn/10d@2x.png,31.84,52.95,91,18,S,8.87,0,1017,100,1675962000,-18000
234,New York,Binghamton,4,Fri 2/10,Clouds,broken clouds,http://openweathermap.org/img/wn/04d@2x.png,35.85,48.25,67,19,SW,0,0,1016,82,1676048400,-18000
235,New York,Binghamton,5,Sat 2/11,Clouds,overcast clouds,http://openweathermap.org/img/wn/04d@2x.png,29.01,35.02,75,9,N,0,0,1017,100,1676134800,-18000
236,New York,Buffalo,1,Tue 2/7,Rain,light rain,http://openweathermap.org/img/wn/10d@2x.png,25.52,44.94,56,21,S,1.06,0,1014,100,1675789200,-18000
237,New York,Buffalo,2,Wed 2/8,Clouds,scattered clouds,http://openweathermap.org/img/wn/03d@2x.png,31.64,37.38,69,12,SW,0,0,1026,26,1675875600,-18000
238,New York,Buffalo,3,Thu 2/9,Rain,moderate rain,http://openweathermap.org/img/wn/10d@2x.png,32.7,57.29,88,28,SW,10.52,0,1006,100,1675962000,-18000
239,New York,Buffalo,4,Fri 2/10,Clouds,overcast clouds,http://openweathermap.org/img/wn/04d@2x.png,34.97,38.19,80,29,SW,0,0,1016,100,1676048400,-18000
240,New York,Buffalo,5,Sat 2/11,Clouds,overcast clouds,http://openweathermap.org/img/wn/04d@2x.png,27.03,32.83,61,10,N,0,0,1020,100,1676134800,-18000
241,New York,New York/Upton,1,Tue 2/7,Rain,light rain,http://openweathermap.org/img/wn/10d@2x.png,28.18,40.6,47,13,NW,0.39,0,1028,57,1675789200,-18000
242,New York,New York/Upton,2,Wed 2/8,Clouds,few clouds,http://openweathermap.org/img/wn/02d@2x.png,38.8,45.45,60,14,W,0,0,1021,13,1675875600,-18000
243,New York,New York/Upton,3,Thu 2/9,Rain,moderate rain,http://openweathermap.org/img/wn/10d@2x.png,37.63,49.01,69,21,S,4.19,0,1023,100,1675962000,-18000
244,New York,New York/Upton,4,Fri 2/10,Clouds,few clouds,http://openweathermap.org/img/wn/02d@2x.png,44.94,49.82,61,19,SW,0,0,1015,24,1676048400,-18000
245,New York,New York/Upton,5,Sat 2/11,Rain,moderate rain,http://openweathermap.org/img/wn/10d@2x.png,37.38,42.89,70,19,NE,10.41,0,1014,100,1676134800,-18000
246,North Carolina,Newport/Morehead City,1,Tue 2/7,Clouds,broken clouds,http://openweathermap.org/img/wn/04d@2x.png,37.24,59.74,58,10,SW,0,0,1030,76,1675789200,-18000
247,North Carolina,Newport/Morehead City,2,Wed 2/8,Clouds,broken clouds,http://openweathermap.org/img/wn/04d@2x.png,52.05,68.23,58,10,SW,0,0,1026,77,1675875600,-18000
248,North Carolina,Newport/Morehead City,3,Thu 2/9,Clouds,overcast clouds,http://openweathermap.org/img/wn/04d@2x.png,58.6,68.16,83,14,S,0,0,1023,96,1675962000,-18000
249,North Carolina,Newport/Morehead City,4,Fri 2/10,Rain,moderate rain,http://openweathermap.org/img/wn/10d@2x.png,61.93,66.9,85,16,S,7.03,0,1017,99,1676048400,-18000
250,North Carolina,Newport/Morehead City,5,Sat 2/11,Rain,light rain,http://openweathermap.org/img/wn/10d@2x.png,44.47,63.43,82,13,S,7.54,0,1011,100,1676134800,-18000
251,North Carolina,Raleigh,1,Tue 2/7,Clouds,overcast clouds,http://openweathermap.org/img/wn/04d@2x.png,34.7,61.2,54,10,S,0,0,1028,98,1675789200,-18000
252,North Carolina,Raleigh,2,Wed 2/8,Clouds,overcast clouds,http://openweathermap.org/img/wn/04d@2x.png,45.1,65.43,51,7,W,0,0,1026,100,1675875600,-18000
253,North Carolina,Raleigh,3,Thu 2/9,Clouds,overcast clouds,http://openweathermap.org/img/wn/04d@2x.png,51.93,66.49,71,13,S,0,0,1021,100,1675962000,-18000
254,North Carolina,Raleigh,4,Fri 2/10,Rain,heavy intensity rain,http://openweathermap.org/img/wn/10d@2x.png,58.66,61.74,98,8,S,52.83,0,1015,100,1676048400,-18000
255,North Carolina,Raleigh,5,Sat 2/11,Rain,moderate rain,http://openweathermap.org/img/wn/10d@2x.png,41.97,59.83,84,11,SW,12.64,0,1010,100,1676134800,-18000
256,North Carolina,Wilmington,1,Tue 2/7,Clouds,scattered clouds,http://openweathermap.org/img/wn/03d@2x.png,38.7,62.85,49,8,S,0,0,1029,41,1675789200,-18000
257,North Carolina,Wilmington,2,Wed 2/8,Clouds,overcast clouds,http://openweathermap.org/img/wn/04d@2x.png,51.06,68.77,58,7,W,0,0,1027,98,1675875600,-18000
258,North Carolina,Wilmington,3,Thu 2/9,Clouds,overcast clouds,http://openweathermap.org/img/wn/04d@2x.png,55.13,68.76,66,14,S,0,0,1023,93,1675962000,-18000
259,North Carolina,Wilmington,4,Fri 2/10,Rain,light rain,http://openweathermap.org/img/wn/10d@2x.png,61.83,66.33,91,15,S,4.2,0,1017,100,1676048400,-18000
260,North Carolina,Wilmington,5,Sat 2/11,Rain,light rain,http://openweathermap.org/img/wn/10d@2x.png,43.86,63.21,89,12,SW,4.37,0,1012,100,1676134800,-18000
261,Ohio,Cleveland,1,Tue 2/7,Clouds,overcast clouds,http://openweathermap.org/img/wn/04d@2x.png,31.3,49.14,75,22,SE,0,0,1015,100,1675789200,-18000
262,Ohio,Cleveland,2,Wed 2/8,Clouds,scattered clouds,http://openweathermap.org/img/wn/03d@2x.png,31.51,39.33,70,12,W,0,0,1027,39,1675875600,-18000
263,Ohio,Cleveland,3,Thu 2/9,Rain,moderate rain,http://openweathermap.org/img/wn/10d@2x.png,38.48,56.88,87,32,SW,16.06,0,1002,100,1675962000,-18000
264,Ohio,Cleveland,4,Fri 2/10,Clouds,overcast clouds,http://openweathermap.org/img/wn/04d@2x.png,35.38,40.23,73,21,SW,0,0,1016,99,1676048400,-18000
265,Ohio,Cleveland,5,Sat 2/11,Snow,light snow,http://openweathermap.org/img/wn/13d@2x.png,29.64,32.29,70,18,N,0,1.69,1020,91,1676134800,-18000
266,Ohio,Wilmington,1,Tue 2/7,Rain,moderate rain,http://openweathermap.org/img/wn/10d@2x.png,34.77,49.1,80,16,S,5.43,0,1019,100,1675789200,-18000
267,Ohio,Wilmington,2,Wed 2/8,Rain,moderate rain,http://openweathermap.org/img/wn/10d@2x.png,34.43,51.75,59,12,E,2.08,0,1027,100,1675875600,-18000
268,Ohio,Wilmington,3,Thu 2/9,Rain,heavy intensity rain,http://openweathermap.org/img/wn/10d@2x.png,43.93,58.86,71,31,S,15.68,0,1007,70,1675962000,-18000
269,Ohio,Wilmington,4,Fri 2/10,Rain,moderate rain,http://openweathermap.org/img/wn/10d@2x.png,35.13,51.96,60,10,NW,3.05,0,1014,4,1676048400,-18000
270,Ohio,Wilmington,5,Sat 2/11,Snow,rain and snow,http://openweathermap.org/img/wn/13d@2x.png,25.43,35.04,89,17,N,3.25,6.67,1019,100,1676134800,-18000
271,Pennsylvania,Pittsburgh,1,Tue 2/7,Rain,moderate rain,http://openweathermap.org/img/wn/10d@2x.png,28.02,50.7,52,15,S,2.29,0,1019,100,1675789200,-18000
272,Pennsylvania,Pittsburgh,2,Wed 2/8,Rain,light rain,http://openweathermap.org/img/wn/10d@2x.png,34.61,46.4,59,8,NW,0.45,0,1027,70,1675875600,-18000
273,Pennsylvania,Pittsburgh,3,Thu 2/9,Rain,moderate rain,http://openweathermap.org/img/wn/10d@2x.png,39.6,60.33,79,21,S,5.79,0,1008,100,1675962000,-18000
274,Pennsylvania,Pittsburgh,4,Fri 2/10,Clouds,broken clouds,http://openweathermap.org/img/wn/04d@2x.png,39.65,49.77,56,14,SW,0,0,1015,71,1676048400,-18000
275,Pennsylvania,Pittsburgh,5,Sat 2/11,Snow,rain and snow,http://openweathermap.org/img/wn/13d@2x.png,30.99,40.41,83,10,N,0.64,4.9,1015,100,1676134800,-18000
276,Pennsylvania,State College,1,Tue 2/7,Rain,moderate rain,http://openweathermap.org/img/wn/10d@2x.png,23.36,45.05,59,11,S,2.68,0,1023,100,1675789200,-18000
277,Pennsylvania,State College,2,Wed 2/8,Clouds,scattered clouds,http://openweathermap.org/img/wn/03d@2x.png,34.84,46.38,57,11,W,0,0,1025,37,1675875600,-18000
278,Pennsylvania,State College,3,Thu 2/9,Rain,moderate rain,http://openweathermap.org/img/wn/10d@2x.png,35.06,50.43,95,18,SW,4.59,0,1015,100,1675962000,-18000
279,Pennsylvania,State College,4,Fri 2/10,Clouds,broken clouds,http://openweathermap.org/img/wn/04d@2x.png,39.42,48.31,60,17,SW,0,0,1016,59,1676048400,-18000
280,Pennsylvania,State College,5,Sat 2/11,Clouds,overcast clouds,http://openweathermap.org/img/wn/04d@2x.png,29.61,38.23,73,11,N,0,0,1015,100,1676134800,-18000
281,South Carolina,Charleston,1,Tue 2/7,Clouds,broken clouds,http://openweathermap.org/img/wn/04d@2x.png,39.25,68.36,39,7,SE,0,0,1028,59,1675789200,-18000
282,South Carolina,Charleston,2,Wed 2/8,Clouds,overcast clouds,http://openweathermap.org/img/wn/04d@2x.png,54.55,71.98,55,4,SW,0,0,1027,100,1675875600,-18000
283,South Carolina,Charleston,3,Thu 2/9,Clouds,broken clouds,http://openweathermap.org/img/wn/04d@2x.png,59.07,73.92,55,12,S,0,0,1023,51,1675962000,-18000
284,South Carolina,Charleston,4,Fri 2/10,Rain,light rain,http://openweathermap.org/img/wn/10d@2x.png,63.88,73.62,71,15,S,4.23,0,1016,100,1676048400,-18000
285,South Carolina,Charleston,5,Sat 2/11,Rain,light rain,http://openweathermap.org/img/wn/10d@2x.png,44.53,62.53,74,11,SW,2.14,0,1014,100,1676134800,-18000
286,South Carolina,Columbia,1,Tue 2/7,Clouds,broken clouds,http://openweathermap.org/img/wn/04d@2x.png,31.06,65.16,40,8,S,0,0,1028,71,1675789200,-18000
287,South Carolina,Columbia,2,Wed 2/8,Clouds,overcast clouds,http://openweathermap.org/img/wn/04d@2x.png,51.94,69.8,63,6,SW,0,0,1027,100,1675875600,-18000
288,South Carolina,Columbia,3,Thu 2/9,Rain,light rain,http://openweathermap.org/img/wn/10d@2x.png,55.87,67.91,66,14,S,0.94,0,1021,99,1675962000,-18000
289,South Carolina,Columbia,4,Fri 2/10,Rain,moderate rain,http://openweathermap.org/img/wn/10d@2x.png,58.71,67.55,94,18,S,30.81,0,1014,100,1676048400,-18000
290,South Carolina,Columbia,5,Sat 2/11,Rain,moderate rain,http://openweathermap.org/img/wn/10d@2x.png,40.93,53.98,81,13,SW,6.73,0,1013,100,1676134800,-18000
291,South Carolina,Greenville-Spartanburg,1,Tue 2/7,Clouds,overcast clouds,http://openweathermap.org/img/wn/04d@2x.png,38.23,60.22,51,9,S,0,0,1027,98,1675789200,-18000
292,South Carolina,Greenville-Spartanburg,2,Wed 2/8,Clouds,overcast clouds,http://openweathermap.org/img/wn/04d@2x.png,46.42,64.36,63,8,SW,0,0,1026,100,1675875600,-18000
293,South Carolina,Greenville-Spartanburg,3,Thu 2/9,Rain,light rain,http://openweathermap.org/img/wn/10d@2x.png,51.71,61.27,94,13,S,1.65,0,1021,100,1675962000,-18000
294,South Carolina,Greenville-Spartanburg,4,Fri 2/10,Rain,heavy intensity rain,http://openweathermap.org/img/wn/10d@2x.png,53.98,61.41,95,12,S,30.42,0,1012,100,1676048400,-18000
295,South Carolina,Greenville-Spartanburg,5,Sat 2/11,Snow,rain and snow,http://openweathermap.org/img/wn/13d@2x.png,37.09,51.21,57,16,NW,0.66,0.16,1012,98,1676134800,-18000
296,Vermont,Burlington,1,Tue 2/7,Snow,snow,http://openweathermap.org/img/wn/13d@2x.png,7.88,35.1,75,21,SE,0,0.85,1022,29,1675789200,-18000
297,Vermont,Burlington,2,Wed 2/8,Snow,rain and snow,http://openweathermap.org/img/wn/13d@2x.png,24.67,34.59,84,16,S,0.58,0.19,1020,80,1675875600,-18000
298,Vermont,Burlington,3,Thu 2/9,Snow,rain and snow,http://openweathermap.org/img/wn/13d@2x.png,22.26,37.98,87,17,SE,8.12,1.11,1020,100,1675962000,-18000
299,Vermont,Burlington,4,Fri 2/10,Snow,rain and snow,http://openweathermap.org/img/wn/13d@2x.png,32.34,38.82,80,16,SE,1.02,0.15,1011,98,1676048400,-18000
300,Vermont,Burlington,5,Sat 2/11,Snow,light snow,http://openweathermap.org/img/wn/13d@2x.png,22.44,30.58,74,12,NW,0,0.9,1020,100,1676134800,-18000
301,Virginia,Baltimore/Washington,1,Tue 2/7,Clouds,overcast clouds,http://openweathermap.org/img/wn/04d@2x.png,29.43,51.42,60,11,S,0,0,1026,100,1675789200,-18000
302,Virginia,Baltimore/Washington,2,Wed 2/8,Clouds,overcast clouds,http://openweathermap.org/img/wn/04d@2x.png,42.93,56.62,56,11,NW,0,0,1025,88,1675875600,-18000
303,Virginia,Baltimore/Washington,3,Thu 2/9,Rain,light rain,http://openweathermap.org/img/wn/10d@2x.png,41.54,61.97,81,18,S,0.14,0,1018,100,1675962000,-18000
304,Virginia,Baltimore/Washington,4,Fri 2/10,Rain,light rain,http://openweathermap.org/img/wn/10d@2x.png,44.38,55.35,53,7,SW,0.44,0,1016,68,1676048400,-18000
305,Virginia,Baltimore/Washington,5,Sat 2/11,Snow,rain and snow,http://openweathermap.org/img/wn/13d@2x.png,34.11,47.26,91,11,NE,24.91,9.61,1012,100,1676134800,-18000
306,Virginia,Blacksburg/Roanoke,1,Tue 2/7,Clouds,overcast clouds,http://openweathermap.org/img/wn/04d@2x.png,30.51,56.34,53,7,S,0,0,1026,91,1675789200,-18000
307,Virginia,Blacksburg/Roanoke,2,Wed 2/8,Clouds,overcast clouds,http://openweathermap.org/img/wn/04d@2x.png,39.58,56.16,81,6,W,0,0,1026,100,1675875600,-18000
308,Virginia,Blacksburg/Roanoke,3,Thu 2/9,Rain,light rain,http://openweathermap.org/img/wn/10d@2x.png,46.47,58.44,81,16,S,0.29,0,1017,100,1675962000,-18000
309,Virginia,Blacksburg/Roanoke,4,Fri 2/10,Rain,light rain,http://openweathermap.org/img/wn/10d@2x.png,39.96,48.97,80,4,W,1.42,0,1014,100,1676048400,-18000
310,Virginia,Blacksburg/Roanoke,5,Sat 2/11,Snow,rain and snow,http://openweathermap.org/img/wn/13d@2x.png,32.54,48.27,84,10,NW,3.5,11.42,1011,100,1676134800,-18000
311,Virginia,Wakefield,1,Tue 2/7,Clouds,overcast clouds,http://openweathermap.org/img/wn/04d@2x.png,26.38,56.46,52,10,S,0,0,1028,89,1675789200,-18000
312,Virginia,Wakefield,2,Wed 2/8,Clouds,overcast clouds,http://openweathermap.org/img/wn/04d@2x.png,44.37,66.94,58,9,S,0,0,1024,89,1675875600,-18000
313,Virginia,Wakefield,3,Thu 2/9,Rain,light rain,http://openweathermap.org/img/wn/10d@2x.png,47.55,67.69,62,14,S,0.12,0,1021,100,1675962000,-18000
314,Virginia,Wakefield,4,Fri 2/10,Rain,moderate rain,http://openweathermap.org/img/wn/10d@2x.png,57.34,61.75,94,11,SW,23.01,0,1015,100,1676048400,-18000
315,Virginia,Wakefield,5,Sat 2/11,Rain,moderate rain,http://openweathermap.org/img/wn/10d@2x.png,46.36,60.69,94,9,S,28.95,0,1010,100,1676134800,-18000
316,West Virginia,Charleston,1,Tue 2/7,Clouds,overcast clouds,http://openweathermap.org/img/wn/04d@2x.png,29.14,60.69,45,11,S,0,0,1022,100,1675789200,-18000
317,West Virginia,Charleston,2,Wed 2/8,Rain,light rain,http://openweathermap.org/img/wn/10d@2x.png,46.36,55.9,80,9,S,1.62,0,1027,98,1675875600,-18000
318,West Virginia,Charleston,3,Thu 2/9,Rain,light rain,http://openweathermap.org/img/wn/10d@2x.png,50.7,64.67,66,17,S,0.2,0,1011,100,1675962000,-18000
319,West Virginia,Charleston,4,Fri 2/10,Clouds,broken clouds,http://openweathermap.org/img/wn/04d@2x.png,40.55,58.08,51,6,SW,0,0,1014,84,1676048400,-18000
320,West Virginia,Charleston,5,Sat 2/11,Snow,rain and snow,http://openweathermap.org/img/wn/13d@2x.png,34.97,49.44,94,10,NW,1.17,3.05,1013,100,1676134800,-18000
321,Guam,Guam,1,Tue 2/7,Rain,light rain,http://openweathermap.org/img/wn/10d@2x.png,78.93,82.06,76,20,NE,3.42,0,1011,28,1675735200,36000
322,Guam,Guam,2,Wed 2/8,Rain,light rain,http://openweathermap.org/img/wn/10d@2x.png,78.96,82.04,70,19,NE,0.1,0,1010,38,1675821600,36000
323,Guam,Guam,3,Thu 2/9,Rain,light rain,http://openweathermap.org/img/wn/10d@2x.png,78.94,81.86,76,20,NE,0.91,0,1010,100,1675908000,36000
324,Guam,Guam,4,Fri 2/10,Rain,light rain,http://openweathermap.org/img/wn/10d@2x.png,78.69,80.98,77,22,NE,1.77,0,1009,93,1675994400,36000
325,Guam,Guam,5,Sat 2/11,Rain,light rain,http://openweathermap.org/img/wn/10d@2x.png,79.07,81.84,75,20,NE,1.31,0,1009,100,1676080800,36000
326,Hawaii,Honolulu,1,Tue 2/7,Clouds,few clouds,http://openweathermap.org/img/wn/02d@2x.png,72.03,74.88,78,25,NE,0,0,1020,16,1675807200,-36000
327,Hawaii,Honolulu,2,Wed 2/8,Clear,sky is clear,http://openweathermap.org/img/wn/01d@2x.png,70.9,73.65,67,31,NE,0,0,1020,8,1675893600,-36000
328,Hawaii,Honolulu,3,Thu 2/9,Clouds,overcast clouds,http://openweathermap.org/img/wn/04d@2x.png,71.04,73.31,75,33,NE,0,0,1020,96,1675980000,-36000
329,Hawaii,Honolulu,4,Fri 2/10,Clear,sky is clear,http://openweathermap.org/img/wn/01d@2x.png,70.59,72.75,75,34,NE,0,0,1020,5,1676066400,-36000
330,Hawaii,Honolulu,5,Sat 2/11,Rain,light rain,http://openweathermap.org/img/wn/10d@2x.png,70.57,73.18,73,28,NE,1.14,0,1019,7,1676152800,-36000
331,Alabama,Birmingham,1,Tue 2/7,Clouds,overcast clouds,http://openweathermap.org/img/wn/04d@2x.png,43.27,65.79,53,7,SE,0,0,1025,97,1675792800,-21600
332,Alabama,Birmingham,2,Wed 2/8,Rain,light rain,http://openweathermap.org/img/wn/10d@2x.png,53.85,69.55,72,13,SE,0.63,0,1022,100,1675879200,-21600
333,Alabama,Birmingham,3,Thu 2/9,Rain,heavy intensity rain,http://openweathermap.org/img/wn/10d@2x.png,55.51,62.96,81,16,SE,23.35,0,1019,100,1675965600,-21600
334,Alabama,Birmingham,4,Fri 2/10,Rain,light rain,http://openweathermap.org/img/wn/10d@2x.png,43.41,57.96,82,13,W,1.77,0,1016,100,1676052000,-21600
335,Alabama,Birmingham,5,Sat 2/11,Clouds,scattered clouds,http://openweathermap.org/img/wn/03d@2x.png,34.66,45.75,46,11,NW,0,0,1023,26,1676138400,-21600
336,Alabama,Huntsville,1,Tue 2/7,Clouds,overcast clouds,http://openweathermap.org/img/wn/04d@2x.png,44.53,63.75,54,11,S,0,0,1024,96,1675792800,-21600
337,Alabama,Huntsville,2,Wed 2/8,Rain,light rain,http://openweathermap.org/img/wn/10d@2x.png,54.34,66.33,85,17,SE,1.09,0,1022,100,1675879200,-21600
338,Alabama,Huntsville,3,Thu 2/9,Rain,heavy intensity rain,http://openweathermap.org/img/wn/10d@2x.png,52.03,64.54,48,23,SE,11.95,0,1018,49,1675965600,-21600
339,Alabama,Huntsville,4,Fri 2/10,Clouds,broken clouds,http://openweathermap.org/img/wn/04d@2x.png,42.66,63.25,45,17,SW,0,0,1014,78,1676052000,-21600
340,Alabama,Huntsville,5,Sat 2/11,Clouds,overcast clouds,http://openweathermap.org/img/wn/04d@2x.png,31.6,41.63,62,13,NW,0,0,1023,98,1676138400,-21600
341,Alabama,Mobile/Pensacola,1,Tue 2/7,Clouds,overcast clouds,http://openweathermap.org/img/wn/04d@2x.png,54.88,71.26,71,11,SE,0,0,1022,100,1675792800,-21600
342,Alabama,Mobile/Pensacola,2,Wed 2/8,Rain,moderate rain,http://openweathermap.org/img/wn/10d@2x.png,63.34,74.3,72,13,SE,4.99,0,1021,99,1675879200,-21600
343,Alabama,Mobile/Pensacola,3,Thu 2/9,Rain,moderate rain,http://openweathermap.org/img/wn/10d@2x.png,62.69,71.46,82,8,S,17.23,0,1018,94,1675965600,-21600
344,Alabama,Mobile/Pensacola,4,Fri 2/10,Rain,moderate rain,http://openweathermap.org/img/wn/10d@2x.png,51.19,62.49,64,10,NW,10.62,0,1018,100,1676052000,-21600
345,Alabama,Mobile/Pensacola,5,Sat 2/11,Clouds,few clouds,http://openweathermap.org/img/wn/02d@2x.png,38.61,50.61,38,11,NW,0,0,1024,20,1676138400,-21600
346,Arkansas,Little Rock,1,Tue 2/7,Rain,light rain,http://openweathermap.org/img/wn/10d@2x.png,52.07,64.94,73,9,N,1.04,0,1020,100,1675792800,-21600
347,Arkansas,Little Rock,2,Wed 2/8,Rain,heavy intensity rain,http://openweathermap.org/img/wn/10d@2x.png,51.55,65.73,98,14,SW,32.08,0,1016,100,1675879200,-21600
348,Arkansas,Little Rock,3,Thu 2/9,Rain,light rain,http://openweathermap.org/img/wn/10d@2x.png,43.92,63.7,49,15,SW,0.17,0,1017,0,1675965600,-21600
349,Arkansas,Little Rock,4,Fri 2/10,Rain,light rain,http://openweathermap.org/img/wn/10d@2x.png,35.94,50.59,68,13,W,0.23,0,1021,88,1676052000,-21600
350,Arkansas,Little Rock,5,Sat 2/11,Clear,sky is clear,http://openweathermap.org/img/wn/01d@2x.png,29.64,49.15,28,7,NW,0,0,1027,0,1676138400,-21600
351,Florida,Jacksonville,1,Tue 2/7,Clouds,scattered clouds,http://openweathermap.org/img/wn/03d@2x.png,42.1,72.75,43,10,E,0,0,1027,29,1675789200,-18000
352,Florida,Jacksonville,2,Wed 2/8,Clouds,few clouds,http://openweathermap.org/img/wn/02d@2x.png,58.21,76.57,46,9,E,0,0,1026,12,1675875600,-18000
353,Florida,Jacksonville,3,Thu 2/9,Clouds,broken clouds,http://openweathermap.org/img/wn/04d@2x.png,60.94,80.19,46,9,S,0,0,1022,65,1675962000,-18000
354,Florida,Jacksonville,4,Fri 2/10,Rain,light rain,http://openweathermap.org/img/wn/10d@2x.png,65.34,80.65,58,13,S,2.89,0,1017,92,1676048400,-18000
355,Florida,Jacksonville,5,Sat 2/11,Rain,light rain,http://openweathermap.org/img/wn/10d@2x.png,46.65,67.55,70,11,W,2.18,0,1018,99,1676134800,-18000
356,Florida,Key West,1,Tue 2/7,Rain,light rain,http://openweathermap.org/img/wn/10d@2x.png,73.44,75.22,80,24,E,0.94,0,1023,35,1675789200,-18000
357,Florida,Key West,2,Wed 2/8,Clouds,broken clouds,http://openweathermap.org/img/wn/04d@2x.png,74.8,75.85,75,25,NE,0,0,1022,73,1675875600,-18000
358,Florida,Key West,3,Thu 2/9,Rain,light rain,http://openweathermap.org/img/wn/10d@2x.png,75.79,76.95,80,23,E,1.05,0,1021,8,1675962000,-18000
359,Florida,Key West,4,Fri 2/10,Rain,light rain,http://openweathermap.org/img/wn/10d@2x.png,75.67,76.78,76,20,E,3.9,0,1019,64,1676048400,-18000
360,Florida,Key West,5,Sat 2/11,Rain,light rain,http://openweathermap.org/img/wn/10d@2x.png,66.79,75.81,85,29,NW,4.51,0,1017,41,1676134800,-18000
361,Florida,Melbourne,1,Tue 2/7,Clear,sky is clear,http://openweathermap.org/img/wn/01d@2x.png,63.45,72.12,57,14,E,0,0,1026,8,1675789200,-18000
362,Florida,Melbourne,2,Wed 2/8,Clouds,broken clouds,http://openweathermap.org/img/wn/04d@2x.png,66.13,74.73,55,13,E,0,0,1026,54,1675875600,-18000
363,Florida,Melbourne,3,Thu 2/9,Rain,light rain,http://openweathermap.org/img/wn/10d@2x.png,67.71,76.82,64,15,E,0.11,0,1023,19,1675962000,-18000
364,Florida,Melbourne,4,Fri 2/10,Clouds,broken clouds,http://openweathermap.org/img/wn/04d@2x.png,69.4,78.82,59,16,SE,0,0,1019,72,1676048400,-18000
365,Florida,Melbourne,5,Sat 2/11,Rain,light rain,http://openweathermap.org/img/wn/10d@2x.png,52.99,70.84,62,19,W,0.43,0,1015,100,1676134800,-18000
366,Florida,Miami,1,Tue 2/7,Clouds,broken clouds,http://openweathermap.org/img/wn/04d@2x.png,69.44,77.49,54,16,E,0,0,1024,56,1675789200,-18000
367,Florida,Miami,2,Wed 2/8,Clouds,broken clouds,http://openweathermap.org/img/wn/04d@2x.png,71.8,78.42,51,15,E,0,0,1024,53,1675875600,-18000
368,Florida,Miami,3,Thu 2/9,Rain,light rain,http://openweathermap.org/img/wn/10d@2x.png,74.25,78.62,63,17,E,0.65,0,1023,69,1675962000,-18000
369,Florida,Miami,4,Fri 2/10,Clear,sky is clear,http://openweathermap.org/img/wn/01d@2x.png,73.08,79.95,54,16,E,0,0,1020,3,1676048400,-18000
370,Florida,Miami,5,Sat 2/11,Rain,moderate rain,http://openweathermap.org/img/wn/10d@2x.png,61.88,82.62,52,20,NW,12.77,0,1015,35,1676134800,-18000
371,Florida,Tallahassee,1,Tue 2/7,Clouds,broken clouds,http://openweathermap.org/img/wn/04d@2x.png,44.13,72.39,42,7,SE,0,0,1026,74,1675789200,-18000
372,Florida,Tallahassee,2,Wed 2/8,Clouds,scattered clouds,http://openweathermap.org/img/wn/03d@2x.png,55.76,75.96,51,9,SE,0,0,1025,50,1675875600,-18000
373,Florida,Tallahassee,3,Thu 2/9,Rain,moderate rain,http://openweathermap.org/img/wn/10d@2x.png,60.44,76.6,60,12,S,2.53,0,1021,58,1675962000,-18000
374,Florida,Tallahassee,4,Fri 2/10,Rain,moderate rain,http://openweathermap.org/img/wn/10d@2x.png,54.09,72.73,84,11,S,21.33,0,1016,100,1676048400,-18000
375,Florida,Tallahassee,5,Sat 2/11,Rain,moderate rain,http://openweathermap.org/img/wn/10d@2x.png,41.9,54.3,48,13,W,9.47,0,1020,69,1676134800,-18000
376,Florida,Tampa,1,Tue 2/7,Clear,sky is clear,http://openweathermap.org/img/wn/01d@2x.png,58.32,75.9,55,14,E,0,0,1025,1,1675789200,-18000
377,Florida,Tampa,2,Wed 2/8,Clear,sky is clear,http://openweathermap.org/img/wn/01d@2x.png,61.39,77.32,54,15,E,0,0,1025,7,1675875600,-18000
378,Florida,Tampa,3,Thu 2/9,Rain,light rain,http://openweathermap.org/img/wn/10d@2x.png,63.55,78.35,60,12,E,2.58,0,1022,30,1675962000,-18000
379,Florida,Tampa,4,Fri 2/10,Rain,light rain,http://openweathermap.org/img/wn/10d@2x.png,66.07,78.53,59,19,S,0.53,0,1018,13,1676048400,-18000
380,Florida,Tampa,5,Sat 2/11,Rain,light rain,http://openweathermap.org/img/wn/10d@2x.png,55.35,68.22,78,22,NW,3.29,0,1019,100,1676134800,-18000
381,Georgia,Peachtree City/Atlanta,1,Tue 2/7,Clouds,broken clouds,http://openweathermap.org/img/wn/04d@2x.png,37.44,64.76,50,7,SE,0,0,1027,79,1675789200,-18000
382,Georgia,Peachtree City/Atlanta,2,Wed 2/8,Clouds,overcast clouds,http://openweathermap.org/img/wn/04d@2x.png,52.61,69.82,63,8,SE,0,0,1025,100,1675875600,-18000
383,Georgia,Peachtree City/Atlanta,3,Thu 2/9,Rain,moderate rain,http://openweathermap.org/img/wn/10d@2x.png,58.95,61.92,87,12,S,12.37,0,1020,100,1675962000,-18000
384,Georgia,Peachtree City/Atlanta,4,Fri 2/10,Rain,heavy intensity rain,http://openweathermap.org/img/wn/10d@2x.png,51.44,61.34,96,12,W,44.12,0,1014,100,1676048400,-18000
385,Georgia,Peachtree City/Atlanta,5,Sat 2/11,Rain,light rain,http://openweathermap.org/img/wn/10d@2x.png,34.81,43.07,57,14,W,0.51,0,1019,99,1676134800,-18000
386,Louisiana,Lake Charles,1,Tue 2/7,Clouds,overcast clouds,http://openweathermap.org/img/wn/04d@2x.png,56.07,73.02,76,10,SE,0,0,1019,100,1675792800,-21600
387,Louisiana,Lake Charles,2,Wed 2/8,Rain,moderate rain,http://openweathermap.org/img/wn/10d@2x.png,57.78,78.1,67,18,S,10,0,1016,78,1675879200,-21600
388,Louisiana,Lake Charles,3,Thu 2/9,Clouds,few clouds,http://openweathermap.org/img/wn/02d@2x.png,48.72,69.85,42,8,W,0,0,1019,17,1675965600,-21600
389,Louisiana,Lake Charles,4,Fri 2/10,Clouds,scattered clouds,http://openweathermap.org/img/wn/03d@2x.png,42.98,57.43,42,16,NW,0,0,1024,26,1676052000,-21600
390,Louisiana,Lake Charles,5,Sat 2/11,Clear,sky is clear,http://openweathermap.org/img/wn/01d@2x.png,35.44,54.54,37,9,NW,0,0,1028,2,1676138400,-21600
391,Louisiana,New Orleans/Baton Rouge,1,Tue 2/7,Rain,light rain,http://openweathermap.org/img/wn/10d@2x.png,57.88,71.22,78,12,E,1.07,0,1021,88,1675792800,-21600
392,Louisiana,New Orleans/Baton Rouge,2,Wed 2/8,Rain,moderate rain,http://openweathermap.org/img/wn/10d@2x.png,61.74,72.59,81,15,S,13.24,0,1019,100,1675879200,-21600
393,Louisiana,New Orleans/Baton Rouge,3,Thu 2/9,Rain,heavy intensity rain,http://openweathermap.org/img/wn/10d@2x.png,61.05,64.89,82,8,SE,11.82,0,1019,99,1675965600,-21600
394,Louisiana,New Orleans/Baton Rouge,4,Fri 2/10,Rain,light rain,http://openweathermap.org/img/wn/10d@2x.png,51.73,61.43,67,13,NW,0.6,0,1020,100,1676052000,-21600
395,Louisiana,New Orleans/Baton Rouge,5,Sat 2/11,Clouds,few clouds,http://openweathermap.org/img/wn/02d@2x.png,40.05,52.66,36,12,NW,0,0,1025,17,1676138400,-21600
396,Louisiana,Shreveport,1,Tue 2/7,Clouds,broken clouds,http://openweathermap.org/img/wn/04d@2x.png,54.01,65.32,76,9,SE,0,0,1019,78,1675792800,-21600
397,Louisiana,Shreveport,2,Wed 2/8,Rain,moderate rain,http://openweathermap.org/img/wn/10d@2x.png,50.38,68.47,90,13,W,8.1,0,1015,100,1675879200,-21600
398,Louisiana,Shreveport,3,Thu 2/9,Clear,sky is clear,http://openweathermap.org/img/wn/01d@2x.png,44.91,67.05,44,8,S,0,0,1018,0,1675965600,-21600
399,Louisiana,Shreveport,4,Fri 2/10,Clear,sky is clear,http://openweathermap.org/img/wn/01d@2x.png,39.49,52.54,55,15,W,0,0,1024,3,1676052000,-21600
400,Louisiana,Shreveport,5,Sat 2/11,Clear,sky is clear,http://openweathermap.org/img/wn/01d@2x.png,31.95,52.79,29,8,NW,0,0,1028,0,1676138400,-21600
401,Mississippi,Jackson,1,Tue 2/7,Rain,light rain,http://openweathermap.org/img/wn/10d@2x.png,51.64,67.78,74,7,SE,1.54,0,1022,79,1675792800,-21600
402,Mississippi,Jackson,2,Wed 2/8,Rain,light rain,http://openweathermap.org/img/wn/10d@2x.png,60.3,73.9,84,17,S,0.86,0,1019,100,1675879200,-21600
403,Mississippi,Jackson,3,Thu 2/9,Rain,moderate rain,http://openweathermap.org/img/wn/10d@2x.png,50.77,67.35,43,17,S,7.59,0,1019,8,1675965600,-21600
404,Mississippi,Jackson,4,Fri 2/10,Rain,light rain,http://openweathermap.org/img/wn/10d@2x.png,43.47,55.89,55,14,W,0.12,0,1020,41,1676052000,-21600
405,Mississippi,Jackson,5,Sat 2/11,Rain,light rain,http://openweathermap.org/img/wn/10d@2x.png,33.15,46.49,39,11,NW,0.14,0,1026,2,1676138400,-21600
406,New Mexico,Albuquerque,1,Tue 2/7,Snow,snow,http://openweathermap.org/img/wn/13d@2x.png,32.23,39.2,75,10,NE,0,3.8,1026,100,1675796400,-25200
407,New Mexico,Albuquerque,2,Wed 2/8,Clear,sky is clear,http://openweathermap.org/img/wn/01d@2x.png,30.47,46.85,40,20,NW,0,0,1021,2,1675882800,-25200
408,New Mexico,Albuquerque,3,Thu 2/9,Clear,sky is clear,http://openweathermap.org/img/wn/01d@2x.png,29.75,40.6,14,27,W,0,0,1027,0,1675969200,-25200
409,New Mexico,Albuquerque,4,Fri 2/10,Clear,sky is clear,http://openweathermap.org/img/wn/01d@2x.png,28.71,41.5,24,5,SW,0,0,1032,0,1676055600,-25200
410,New Mexico,Albuquerque,5,Sat 2/11,Clouds,overcast clouds,http://openweathermap.org/img/wn/04d@2x.png,33.03,48.47,19,13,S,0,0,1017,88,1676142000,-25200
411,Oklahoma,Norman/Oklahoma City,1,Tue 2/7,Rain,moderate rain,http://openweathermap.org/img/wn/10d@2x.png,43.63,55,77,20,N,8.89,0,1021,100,1675792800,-21600
412,Oklahoma,Norman/Oklahoma City,2,Wed 2/8,Rain,light rain,http://openweathermap.org/img/wn/10d@2x.png,43.63,53.4,65,15,NW,0.43,0,1017,100,1675879200,-21600
413,Oklahoma,Norman/Oklahoma City,3,Thu 2/9,Clear,sky is clear,http://openweathermap.org/img/wn/01d@2x.png,40.53,53.92,44,17,N,0,0,1017,1,1675965600,-21600
414,Oklahoma,Norman/Oklahoma City,4,Fri 2/10,Clouds,broken clouds,http://openweathermap.org/img/wn/04d@2x.png,32.43,44.31,35,21,NW,0,0,1030,58,1676052000,-21600
415,Oklahoma,Norman/Oklahoma City,5,Sat 2/11,Clear,sky is clear,http://openweathermap.org/img/wn/01d@2x.png,29.97,53.33,25,19,S,0,0,1025,0,1676138400,-21600
416,Oklahoma,Tulsa,1,Tue 2/7,Rain,moderate rain,http://openweathermap.org/img/wn/10d@2x.png,43.43,56.26,68,14,N,11.54,0,1022,100,1675792800,-21600
417,Oklahoma,Tulsa,2,Wed 2/8,Rain,heavy intensity rain,http://openweathermap.org/img/wn/10d@2x.png,42.53,44.98,92,12,N,20.05,0,1016,100,1675879200,-21600
418,Oklahoma,Tulsa,3,Thu 2/9,Clear,sky is clear,http://openweathermap.org/img/wn/01d@2x.png,39.02,54,53,11,NW,0,0,1017,1,1675965600,-21600
419,Oklahoma,Tulsa,4,Fri 2/10,Snow,rain and snow,http://openweathermap.org/img/wn/13d@2x.png,32.04,43.23,55,19,NW,0.44,0.75,1028,99,1676052000,-21600
420,Oklahoma,Tulsa,5,Sat 2/11,Clear,sky is clear,http://openweathermap.org/img/wn/01d@2x.png,30.52,50.79,30,13,S,0,0,1026,0,1676138400,-21600
421,Puerto Rico,San Juan,1,Tue 2/7,Rain,light rain,http://openweathermap.org/img/wn/10d@2x.png,72.77,79.68,71,15,NE,3.74,0,1020,14,1675785600,-14400
422,Puerto Rico,San Juan,2,Wed 2/8,Rain,light rain,http://openweathermap.org/img/wn/10d@2x.png,72.63,79.5,68,19,NE,5.62,0,1020,5,1675872000,-14400
423,Puerto Rico,San Juan,3,Thu 2/9,Rain,light rain,http://openweathermap.org/img/wn/10d@2x.png,72.48,79.21,67,18,NE,9.6,0,1020,18,1675958400,-14400
424,Puerto Rico,San Juan,4,Fri 2/10,Rain,light rain,http://openweathermap.org/img/wn/10d@2x.png,73.11,79.61,67,18,NE,2.8,0,1020,1,1676044800,-14400
425,Puerto Rico,San Juan,5,Sat 2/11,Rain,light rain,http://openweathermap.org/img/wn/10d@2x.png,71.82,80.35,65,17,E,0.69,0,1018,0,1676131200,-14400
426,Tennessee,Memphis,1,Tue 2/7,Clouds,overcast clouds,http://openweathermap.org/img/wn/04d@2x.png,51.84,66.4,69,13,S,0,0,1021,100,1675792800,-21600
427,Tennessee,Memphis,2,Wed 2/8,Rain,moderate rain,http://openweathermap.org/img/wn/10d@2x.png,55.62,67.66,91,24,SE,9.05,0,1018,100,1675879200,-21600
428,Tennessee,Memphis,3,Thu 2/9,Rain,heavy intensity rain,http://openweathermap.org/img/wn/10d@2x.png,48.69,61.93,48,21,SW,12.9,0,1018,0,1675965600,-21600
429,Tennessee,Memphis,4,Fri 2/10,Snow,rain and snow,http://openweathermap.org/img/wn/13d@2x.png,37.18,50.04,79,15,W,0.38,0.33,1018,49,1676052000,-21600
430,Tennessee,Memphis,5,Sat 2/11,Clear,sky is clear,http://openweathermap.org/img/wn/01d@2x.png,28.85,42.58,40,12,NW,0,0,1026,3,1676138400,-21600
431,Tennessee,Morristown/Knoxville,1,Tue 2/7,Clouds,overcast clouds,http://openweathermap.org/img/wn/04d@2x.png,36.28,57.4,57,6,SW,0,0,1026,99,1675789200,-18000
432,Tennessee,Morristown/Knoxville,2,Wed 2/8,Clouds,overcast clouds,http://openweathermap.org/img/wn/04d@2x.png,45.81,56.89,77,5,NE,0,0,1026,100,1675875600,-18000
433,Tennessee,Morristown/Knoxville,3,Thu 2/9,Rain,light rain,http://openweathermap.org/img/wn/10d@2x.png,48.7,61.43,78,17,SW,1.25,0,1016,100,1675962000,-18000
434,Tennessee,Morristown/Knoxville,4,Fri 2/10,Clouds,overcast clouds,http://openweathermap.org/img/wn/04d@2x.png,43.29,57.47,72,14,SW,0,0,1013,100,1676048400,-18000
435,Tennessee,Morristown/Knoxville,5,Sat 2/11,Snow,rain and snow,http://openweathermap.org/img/wn/13d@2x.png,32.5,43.95,78,14,W,0.37,1.55,1017,100,1676134800,-18000
436,Tennessee,Nashville,1,Tue 2/7,Clouds,overcast clouds,http://openweathermap.org/img/wn/04d@2x.png,46.67,62.74,61,13,S,0,0,1023,100,1675792800,-21600
437,Tennessee,Nashville,2,Wed 2/8,Rain,light rain,http://openweathermap.org/img/wn/10d@2x.png,54.01,64,84,16,SE,0.87,0,1022,100,1675879200,-21600
438,Tennessee,Nashville,3,Thu 2/9,Rain,heavy intensity rain,http://openweathermap.org/img/wn/10d@2x.png,52.03,64.63,48,24,SE,9.36,0,1017,17,1675965600,-21600
439,Tennessee,Nashville,4,Fri 2/10,Snow,light snow,http://openweathermap.org/img/wn/13d@2x.png,37.65,61.77,42,14,W,0,0.15,1012,13,1676052000,-21600
440,Tennessee,Nashville,5,Sat 2/11,Snow,light snow,http://openweathermap.org/img/wn/13d@2x.png,30.47,40.75,65,13,W,0,0.31,1023,100,1676138400,-21600
441,Texas,Amarillo,1,Tue 2/7,Clouds,overcast clouds,http://openweathermap.org/img/wn/04d@2x.png,32.88,46.98,38,20,N,0,0,1023,100,1675796400,-21600
442,Texas,Amarillo,2,Wed 2/8,Clear,sky is clear,http://openweathermap.org/img/wn/01d@2x.png,33.31,53.51,32,13,W,0,0,1016,10,1675882800,-21600
443,Texas,Amarillo,3,Thu 2/9,Clouds,overcast clouds,http://openweathermap.org/img/wn/04d@2x.png,32.79,43.65,36,27,NW,0,0,1024,100,1675969200,-21600
444,Texas,Amarillo,4,Fri 2/10,Clear,sky is clear,http://openweathermap.org/img/wn/01d@2x.png,26.15,44.91,24,18,NW,0,0,1033,1,1676055600,-21600
445,Texas,Amarillo,5,Sat 2/11,Clear,sky is clear,http://openweathermap.org/img/wn/01d@2x.png,35.1,64.45,13,24,S,0,0,1015,8,1676142000,-21600
446,Texas,Austin/San Antonio,1,Tue 2/7,Rain,light rain,http://openweathermap.org/img/wn/10d@2x.png,57.42,68.74,82,16,SE,5.79,0,1015,100,1675792800,-21600
447,Texas,Austin/San Antonio,2,Wed 2/8,Rain,moderate rain,http://openweathermap.org/img/wn/10d@2x.png,49.48,57.97,89,17,NW,13.86,0,1019,100,1675879200,-21600
448,Texas,Austin/San Antonio,3,Thu 2/9,Clear,sky is clear,http://openweathermap.org/img/wn/01d@2x.png,44.49,70.07,39,16,NW,0,0,1018,0,1675965600,-21600
449,Texas,Austin/San Antonio,4,Fri 2/10,Clear,sky is clear,http://openweathermap.org/img/wn/01d@2x.png,43.11,56.21,38,21,NW,0,0,1030,0,1676052000,-21600
450,Texas,Austin/San Antonio,5,Sat 2/11,Clear,sky is clear,http://openweathermap.org/img/wn/01d@2x.png,36.32,58.08,30,8,SE,0,0,1028,0,1676138400,-21600
451,Texas,Brownsville,1,Tue 2/7,Clouds,overcast clouds,http://openweathermap.org/img/wn/04d@2x.png,69.57,79.36,65,25,SE,0,0,1013,98,1675792800,-21600
452,Texas,Brownsville,2,Wed 2/8,Clouds,few clouds,http://openweathermap.org/img/wn/02d@2x.png,58.75,76.84,71,24,NW,0,0,1017,21,1675879200,-21600
453,Texas,Brownsville,3,Thu 2/9,Clouds,scattered clouds,http://openweathermap.org/img/wn/03d@2x.png,57.38,74.73,33,11,NE,0,0,1018,32,1675965600,-21600
454,Texas,Brownsville,4,Fri 2/10,Clouds,overcast clouds,http://openweathermap.org/img/wn/04d@2x.png,57.65,65.3,21,23,NW,0,0,1028,100,1676052000,-21600
455,Texas,Brownsville,5,Sat 2/11,Clear,sky is clear,http://openweathermap.org/img/wn/01d@2x.png,48.74,64.58,26,12,NE,0,0,1028,0,1676138400,-21600
456,Texas,Corpus Christi,1,Tue 2/7,Clouds,overcast clouds,http://openweathermap.org/img/wn/04d@2x.png,68.11,73.45,73,20,SE,0,0,1014,96,1675792800,-21600
457,Texas,Corpus Christi,2,Wed 2/8,Rain,light rain,http://openweathermap.org/img/wn/10d@2x.png,54.16,74.07,82,25,W,0.77,0,1018,47,1675879200,-21600
458,Texas,Corpus Christi,3,Thu 2/9,Clear,sky is clear,http://openweathermap.org/img/wn/01d@2x.png,49.64,70.36,31,8,E,0,0,1019,8,1675965600,-21600
459,Texas,Corpus Christi,4,Fri 2/10,Clouds,broken clouds,http://openweathermap.org/img/wn/04d@2x.png,51.91,61.99,28,21,NW,0,0,1029,67,1676052000,-21600
460,Texas,Corpus Christi,5,Sat 2/11,Clear,sky is clear,http://openweathermap.org/img/wn/01d@2x.png,43.63,58.01,25,10,E,0,0,1029,0,1676138400,-21600
461,Texas,El Paso,1,Tue 2/7,Clear,sky is clear,http://openweathermap.org/img/wn/01d@2x.png,35.56,50.04,31,16,SW,0,0,1020,6,1675796400,-25200
462,Texas,El Paso,2,Wed 2/8,Clear,sky is clear,http://openweathermap.org/img/wn/01d@2x.png,37.08,55.56,33,15,SW,0,0,1022,0,1675882800,-25200
463,Texas,El Paso,3,Thu 2/9,Clear,sky is clear,http://openweathermap.org/img/wn/01d@2x.png,40.53,55.65,22,22,N,0,0,1021,0,1675969200,-25200
464,Texas,El Paso,4,Fri 2/10,Clear,sky is clear,http://openweathermap.org/img/wn/01d@2x.png,34.59,50.27,19,7,NE,0,0,1032,0,1676055600,-25200
465,Texas,El Paso,5,Sat 2/11,Clouds,broken clouds,http://openweathermap.org/img/wn/04d@2x.png,38.95,61.56,18,13,SE,0,0,1017,84,1676142000,-25200
466,Texas,Fort Worth-Dallas,1,Tue 2/7,Rain,moderate rain,http://openweathermap.org/img/wn/10d@2x.png,49.05,60.96,91,17,SE,6.62,0,1016,100,1675792800,-21600
467,Texas,Fort Worth-Dallas,2,Wed 2/8,Rain,moderate rain,http://openweathermap.org/img/wn/10d@2x.png,46.11,51.53,88,13,W,15.18,0,1018,100,1675879200,-21600
468,Texas,Fort Worth-Dallas,3,Thu 2/9,Clear,sky is clear,http://openweathermap.org/img/wn/01d@2x.png,44.62,64.85,37,15,NW,0,0,1015,3,1675965600,-21600
469,Texas,Fort Worth-Dallas,4,Fri 2/10,Clouds,scattered clouds,http://openweathermap.org/img/wn/03d@2x.png,40.08,47.91,48,20,NW,0,0,1030,33,1676052000,-21600
470,Texas,Fort Worth-Dallas,5,Sat 2/11,Clear,sky is clear,http://openweathermap.org/img/wn/01d@2x.png,36.57,54.93,26,13,SE,0,0,1027,0,1676138400,-21600
471,Texas,Houston/Galveston,1,Tue 2/7,Rain,light rain,http://openweathermap.org/img/wn/10d@2x.png,63.19,70.14,85,15,SE,1.14,0,1018,100,1675792800,-21600
472,Texas,Houston/Galveston,2,Wed 2/8,Rain,light rain,http://openweathermap.org/img/wn/10d@2x.png,54.41,73.2,71,15,W,4.86,0,1015,62,1675879200,-21600
473,Texas,Houston/Galveston,3,Thu 2/9,Clouds,few clouds,http://openweathermap.org/img/wn/02d@2x.png,51.39,65.62,42,6,NW,0,0,1019,15,1675965600,-21600
474,Texas,Houston/Galveston,4,Fri 2/10,Clouds,scattered clouds,http://openweathermap.org/img/wn/03d@2x.png,49.1,57.61,35,19,NW,0,0,1026,42,1676052000,-21600
475,Texas,Houston/Galveston,5,Sat 2/11,Clear,sky is clear,http://openweathermap.org/img/wn/01d@2x.png,40.91,52.65,33,13,NW,0,0,1029,0,1676138400,-21600
476,Texas,Lubbock,1,Tue 2/7,Clouds,overcast clouds,http://openweathermap.org/img/wn/04d@2x.png,37.6,47.75,50,22,N,0,0,1022,100,1675796400,-21600
477,Texas,Lubbock,2,Wed 2/8,Clear,sky is clear,http://openweathermap.org/img/wn/01d@2x.png,34.36,56.21,35,19,W,0,0,1017,5,1675882800,-21600
478,Texas,Lubbock,3,Thu 2/9,Clear,sky is clear,http://openweathermap.org/img/wn/01d@2x.png,39.27,47.75,33,25,NW,0,0,1021,2,1675969200,-21600
479,Texas,Lubbock,4,Fri 2/10,Clear,sky is clear,http://openweathermap.org/img/wn/01d@2x.png,30.2,48.43,24,16,NW,0,0,1032,0,1676055600,-21600
480,Texas,Lubbock,5,Sat 2/11,Clear,sky is clear,http://openweathermap.org/img/wn/01d@2x.png,33.73,60.01,18,21,S,0,0,1020,4,1676142000,-21600
481,Texas,Midland/Odessa,1,Tue 2/7,Clouds,few clouds,http://openweathermap.org/img/wn/02d@2x.png,41.95,58.62,50,22,N,0,0,1018,11,1675796400,-21600
482,Texas,Midland/Odessa,2,Wed 2/8,Clear,sky is clear,http://openweathermap.org/img/wn/01d@2x.png,38.03,57.69,38,19,SW,0,0,1020,5,1675882800,-21600
483,Texas,Midland/Odessa,3,Thu 2/9,Clear,sky is clear,http://openweathermap.org/img/wn/01d@2x.png,43.74,57.15,27,28,NW,0,0,1019,0,1675969200,-21600
484,Texas,Midland/Odessa,4,Fri 2/10,Clear,sky is clear,http://openweathermap.org/img/wn/01d@2x.png,34.32,50.38,28,15,NW,0,0,1033,0,1676055600,-21600
485,Texas,Midland/Odessa,5,Sat 2/11,Clear,sky is clear,http://openweathermap.org/img/wn/01d@2x.png,36.61,59.74,20,24,SE,0,0,1021,0,1676142000,-21600
486,Texas,San Angelo,1,Tue 2/7,Rain,light rain,http://openweathermap.org/img/wn/10d@2x.png,45.39,61.18,63,17,N,0.41,0,1017,92,1675792800,-21600
487,Texas,San Angelo,2,Wed 2/8,Clouds,broken clouds,http://openweathermap.org/img/wn/04d@2x.png,43.45,59.13,34,18,W,0,0,1020,60,1675879200,-21600
488,Texas,San Angelo,3,Thu 2/9,Clouds,few clouds,http://openweathermap.org/img/wn/02d@2x.png,45.77,64.45,22,21,NW,0,0,1017,19,1675965600,-21600
489,Texas,San Angelo,4,Fri 2/10,Clear,sky is clear,http://openweathermap.org/img/wn/01d@2x.png,38.14,52.34,27,17,NW,0,0,1033,0,1676052000,-21600
490,Texas,San Angelo,5,Sat 2/11,Clear,sky is clear,http://openweathermap.org/img/wn/01d@2x.png,37.47,61.92,21,19,S,0,0,1024,0,1676138400,-21600
491,Arizona,Flagstaff,1,Tue 2/7,Clear,sky is clear,http://openweathermap.org/img/wn/01d@2x.png,22.08,37.2,45,13,N,0,0,1025,0,1675796400,-25200
492,Arizona,Flagstaff,2,Wed 2/8,Clear,sky is clear,http://openweathermap.org/img/wn/01d@2x.png,22.5,43.63,42,7,W,0,0,1022,0,1675882800,-25200
493,Arizona,Flagstaff,3,Thu 2/9,Clear,sky is clear,http://openweathermap.org/img/wn/01d@2x.png,24.04,38.39,40,9,NE,0,0,1027,5,1675969200,-25200
494,Arizona,Flagstaff,4,Fri 2/10,Clear,sky is clear,http://openweathermap.org/img/wn/01d@2x.png,24.35,47.43,22,6,E,0,0,1025,0,1676055600,-25200
495,Arizona,Flagstaff,5,Sat 2/11,Clouds,broken clouds,http://openweathermap.org/img/wn/04d@2x.png,28.78,44.33,23,13,S,0,0,1010,71,1676142000,-25200
496,Arizona,Phoenix,1,Tue 2/7,Clear,sky is clear,http://openweathermap.org/img/wn/01d@2x.png,47.3,66.47,20,7,W,0,0,1024,0,1675796400,-25200
497,Arizona,Phoenix,2,Wed 2/8,Clouds,few clouds,http://openweathermap.org/img/wn/02d@2x.png,50.7,64.99,22,5,NE,0,0,1024,16,1675882800,-25200
498,Arizona,Phoenix,3,Thu 2/9,Clear,sky is clear,http://openweathermap.org/img/wn/01d@2x.png,52.05,69.31,21,12,N,0,0,1023,0,1675969200,-25200
499,Arizona,Phoenix,4,Fri 2/10,Clear,sky is clear,http://openweathermap.org/img/wn/01d@2x.png,48.4,70.52,12,9,N,0,0,1024,0,1676055600,-25200
500,Arizona,Phoenix,5,Sat 2/11,Clouds,overcast clouds,http://openweathermap.org/img/wn/04d@2x.png,53.24,68.45,15,8,SE,0,0,1011,100,1676142000,-25200
501,Arizona,Tucson,1,Tue 2/7,Clear,sky is clear,http://openweathermap.org/img/wn/01d@2x.png,39.56,58.62,23,12,NW,0,0,1022,0,1675796400,-25200
502,Arizona,Tucson,2,Wed 2/8,Clouds,overcast clouds,http://openweathermap.org/img/wn/04d@2x.png,48.27,62.56,22,10,W,0,0,1023,97,1675882800,-25200
503,Arizona,Tucson,3,Thu 2/9,Clear,sky is clear,http://openweathermap.org/img/wn/01d@2x.png,48.61,65.59,22,6,NE,0,0,1022,0,1675969200,-25200
504,Arizona,Tucson,4,Fri 2/10,Clear,sky is clear,http://openweathermap.org/img/wn/01d@2x.png,49.82,68.27,10,16,E,0,0,1022,0,1676055600,-25200
505,Arizona,Tucson,5,Sat 2/11,Clouds,overcast clouds,http://openweathermap.org/img/wn/04d@2x.png,52.97,69.51,14,15,S,0,0,1012,100,1676142000,-25200
506,California,Eureka,1,Tue 2/7,Clouds,overcast clouds,http://openweathermap.org/img/wn/04d@2x.png,38.39,54.5,61,6,E,0,0,1031,100,1675800000,-28800
507,California,Eureka,2,Wed 2/8,Clouds,overcast clouds,http://openweathermap.org/img/wn/04d@2x.png,43.9,52.61,67,8,NW,0,0,1031,85,1675886400,-28800
508,California,Eureka,3,Thu 2/9,Clear,sky is clear,http://openweathermap.org/img/wn/01d@2x.png,45,58.06,55,9,SW,0,0,1026,6,1675972800,-28800
509,California,Eureka,4,Fri 2/10,Rain,light rain,http://openweathermap.org/img/wn/10d@2x.png,44.91,51.12,74,20,NW,5.28,0,1021,81,1676059200,-28800
510,California,Eureka,5,Sat 2/11,Clouds,broken clouds,http://openweathermap.org/img/wn/04d@2x.png,43.5,49.46,64,18,NW,0,0,1026,59,1676145600,-28800
511,California,Los Angeles/Oxnard,1,Tue 2/7,Clear,sky is clear,http://openweathermap.org/img/wn/01d@2x.png,53.42,63.9,33,10,W,0,0,1025,0,1675800000,-28800
512,California,Los Angeles/Oxnard,2,Wed 2/8,Clear,sky is clear,http://openweathermap.org/img/wn/01d@2x.png,55.71,65.5,31,8,SW,0,0,1024,2,1675886400,-28800
513,California,Los Angeles/Oxnard,3,Thu 2/9,Clear,sky is clear,http://openweathermap.org/img/wn/01d@2x.png,57.51,69.46,31,6,NE,0,0,1022,0,1675972800,-28800
514,California,Los Angeles/Oxnard,4,Fri 2/10,Clouds,overcast clouds,http://openweathermap.org/img/wn/04d@2x.png,56.43,65.34,46,8,W,0,0,1019,99,1676059200,-28800
515,California,Los Angeles/Oxnard,5,Sat 2/11,Clear,sky is clear,http://openweathermap.org/img/wn/01d@2x.png,52.45,64.11,41,10,NW,0,0,1011,0,1676145600,-28800
516,California,Sacramento,1,Tue 2/7,Clouds,overcast clouds,http://openweathermap.org/img/wn/04d@2x.png,39.61,54.14,64,5,NW,0,0,1030,100,1675800000,-28800
517,California,Sacramento,2,Wed 2/8,Clouds,few clouds,http://openweathermap.org/img/wn/02d@2x.png,40.05,59.16,61,6,NW,0,0,1028,14,1675886400,-28800
518,California,Sacramento,3,Thu 2/9,Clear,sky is clear,http://openweathermap.org/img/wn/01d@2x.png,42.44,61.36,63,4,S,0,0,1026,4,1675972800,-28800
519,California,Sacramento,4,Fri 2/10,Rain,light rain,http://openweathermap.org/img/wn/10d@2x.png,43.68,57.49,62,12,SW,0.76,0,1021,100,1676059200,-28800
520,California,Sacramento,5,Sat 2/11,Clear,sky is clear,http://openweathermap.org/img/wn/01d@2x.png,39.87,55.06,56,14,NW,0,0,1020,3,1676145600,-28800
521,California,San Diego,1,Tue 2/7,Clear,sky is clear,http://openweathermap.org/img/wn/01d@2x.png,49.08,67.14,22,9,W,0,0,1024,0,1675800000,-28800
522,California,San Diego,2,Wed 2/8,Clouds,scattered clouds,http://openweathermap.org/img/wn/03d@2x.png,52.21,69.4,20,9,W,0,0,1023,35,1675886400,-28800
523,California,San Diego,3,Thu 2/9,Clear,sky is clear,http://openweathermap.org/img/wn/01d@2x.png,55.24,74.35,18,6,NE,0,0,1021,0,1675972800,-28800
524,California,San Diego,4,Fri 2/10,Clouds,overcast clouds,http://openweathermap.org/img/wn/04d@2x.png,55.76,73.35,20,8,NE,0,0,1018,94,1676059200,-28800
525,California,San Diego,5,Sat 2/11,Rain,light rain,http://openweathermap.org/img/wn/10d@2x.png,51.4,60.94,55,9,S,0.85,0,1010,83,1676145600,-28800
526,California,San Francisco Bay Area/Monterey,1,Tue 2/7,Clouds,overcast clouds,http://openweathermap.org/img/wn/04d@2x.png,39.99,57.67,58,10,NW,0,0,1028,99,1675800000,-28800
527,California,San Francisco Bay Area/Monterey,2,Wed 2/8,Clear,sky is clear,http://openweathermap.org/img/wn/01d@2x.png,48.78,60.1,54,9,NE,0,0,1027,5,1675886400,-28800
528,California,San Francisco Bay Area/Monterey,3,Thu 2/9,Clear,sky is clear,http://openweathermap.org/img/wn/01d@2x.png,51.12,62.17,51,10,NW,0,0,1024,3,1675972800,-28800
529,California,San Francisco Bay Area/Monterey,4,Fri 2/10,Clouds,broken clouds,http://openweathermap.org/img/wn/04d@2x.png,48.96,54.97,81,16,W,0,0,1023,55,1676059200,-28800
530,California,San Francisco Bay Area/Monterey,5,Sat 2/11,Clear,sky is clear,http://openweathermap.org/img/wn/01d@2x.png,44.76,53.65,65,15,NW,0,0,1020,1,1676145600,-28800
531,California,San Joaquin Valley/Hanford,1,Tue 2/7,Clear,sky is clear,http://openweathermap.org/img/wn/01d@2x.png,35.58,59.23,55,7,NW,0,0,1029,4,1675800000,-28800
532,California,San Joaquin Valley/Hanford,2,Wed 2/8,Clear,sky is clear,http://openweathermap.org/img/wn/01d@2x.png,42.04,60.4,55,6,NW,0,0,1028,3,1675886400,-28800
533,California,San Joaquin Valley/Hanford,3,Thu 2/9,Clear,sky is clear,http://openweathermap.org/img/wn/01d@2x.png,44.65,64.76,55,4,NW,0,0,1025,1,1675972800,-28800
534,California,San Joaquin Valley/Hanford,4,Fri 2/10,Clouds,overcast clouds,http://openweathermap.org/img/wn/04d@2x.png,47.86,63.77,50,17,NW,0,0,1019,100,1676059200,-28800
535,California,San Joaquin Valley/Hanford,5,Sat 2/11,Clouds,scattered clouds,http://openweathermap.org/img/wn/03d@2x.png,41.29,54.52,53,15,NW,0,0,1018,29,1676145600,-28800
536,Idaho,Boise,1,Tue 2/7,Snow,light snow,http://openweathermap.org/img/wn/13d@2x.png,29.32,43.07,59,9,E,0,0.13,1030,100,1675796400,-25200
537,Idaho,Boise,2,Wed 2/8,Snow,light snow,http://openweathermap.org/img/wn/13d@2x.png,29.3,38.66,51,15,W,0,0.49,1032,26,1675882800,-25200
538,Idaho,Boise,3,Thu 2/9,Clouds,overcast clouds,http://openweathermap.org/img/wn/04d@2x.png,26.82,39.83,44,12,SE,0,0,1036,85,1675969200,-25200
539,Idaho,Boise,4,Fri 2/10,Clouds,broken clouds,http://openweathermap.org/img/wn/04d@2x.png,27.66,40.82,41,11,SE,0,0,1027,61,1676055600,-25200
540,Idaho,Boise,5,Sat 2/11,Clouds,overcast clouds,http://openweathermap.org/img/wn/04d@2x.png,28.33,40.53,63,19,NW,0,0,1021,86,1676142000,-25200
541,Idaho,Pocatello,1,Tue 2/7,Clouds,broken clouds,http://openweathermap.org/img/wn/04d@2x.png,23.04,32.31,91,9,SE,0,0,1032,71,1675796400,-25200
542,Idaho,Pocatello,2,Wed 2/8,Snow,snow,http://openweathermap.org/img/wn/13d@2x.png,11.52,29.07,83,24,SW,0,0.96,1028,14,1675882800,-25200
543,Idaho,Pocatello,3,Thu 2/9,Clouds,overcast clouds,http://openweathermap.org/img/wn/04d@2x.png,4.19,23.5,85,6,E,0,0,1042,97,1675969200,-25200
544,Idaho,Pocatello,4,Fri 2/10,Clouds,broken clouds,http://openweathermap.org/img/wn/04d@2x.png,8.2,28.4,74,7,E,0,0,1033,76,1676055600,-25200
545,Idaho,Pocatello,5,Sat 2/11,Snow,light snow,http://openweathermap.org/img/wn/13d@2x.png,16.09,25.57,94,5,W,0,3.37,1021,100,1676142000,-25200
546,Montana,Billings,1,Tue 2/7,Clear,sky is clear,http://openweathermap.org/img/wn/01d@2x.png,31.55,42.91,44,19,SW,0,0,1020,6,1675796400,-25200
547,Montana,Billings,2,Wed 2/8,Snow,light snow,http://openweathermap.org/img/wn/13d@2x.png,30.18,39.09,39,28,W,0,0.12,1017,99,1675882800,-25200
548,Montana,Billings,3,Thu 2/9,Clear,sky is clear,http://openweathermap.org/img/wn/01d@2x.png,26.33,39.67,39,18,NW,0,0,1031,5,1675969200,-25200
549,Montana,Billings,4,Fri 2/10,Clouds,scattered clouds,http://openweathermap.org/img/wn/03d@2x.png,29.84,41.2,29,18,SW,0,0,1019,25,1676055600,-25200
550,Montana,Billings,5,Sat 2/11,Snow,light snow,http://openweathermap.org/img/wn/13d@2x.png,29.8,40.62,75,8,SW,0,0.48,1015,100,1676142000,-25200
551,Montana,Glasgow,1,Tue 2/7,Clouds,few clouds,http://openweathermap.org/img/wn/02d@2x.png,21.36,36.28,83,9,SW,0,0,1016,23,1675796400,-25200
552,Montana,Glasgow,2,Wed 2/8,Clouds,few clouds,http://openweathermap.org/img/wn/02d@2x.png,24.89,36.43,62,21,NW,0,0,1012,16,1675882800,-25200
553,Montana,Glasgow,3,Thu 2/9,Clear,sky is clear,http://openweathermap.org/img/wn/01d@2x.png,12.31,26.37,76,18,NW,0,0,1033,3,1675969200,-25200
554,Montana,Glasgow,4,Fri 2/10,Clouds,broken clouds,http://openweathermap.org/img/wn/04d@2x.png,18.18,34.54,75,8,E,0,0,1017,71,1676055600,-25200
555,Montana,Glasgow,5,Sat 2/11,Clouds,overcast clouds,http://openweathermap.org/img/wn/04d@2x.png,20.7,31.53,82,8,W,0,0,1014,100,1676142000,-25200
556,Montana,Great Falls,1,Tue 2/7,Snow,rain and snow,http://openweathermap.org/img/wn/13d@2x.png,35.11,42.08,47,25,S,1.03,0.28,1018,59,1675796400,-25200
557,Montana,Great Falls,2,Wed 2/8,Snow,snow,http://openweathermap.org/img/wn/13d@2x.png,27.14,36.97,49,25,SW,0,1.38,1019,100,1675882800,-25200
558,Montana,Great Falls,3,Thu 2/9,Clouds,few clouds,http://openweathermap.org/img/wn/02d@2x.png,22.68,36.73,45,15,S,0,0,1029,16,1675969200,-25200
559,Montana,Great Falls,4,Fri 2/10,Clouds,overcast clouds,http://openweathermap.org/img/wn/04d@2x.png,27.41,41.67,46,14,S,0,0,1018,100,1676055600,-25200
560,Montana,Great Falls,5,Sat 2/11,Clouds,overcast clouds,http://openweathermap.org/img/wn/04d@2x.png,28.9,40.42,55,11,SW,0,0,1016,90,1676142000,-25200
561,Montana,Missoula,1,Tue 2/7,Snow,light snow,http://openweathermap.org/img/wn/13d@2x.png,24.8,36.61,86,3,SE,0,0.12,1026,99,1675796400,-25200
562,Montana,Missoula,2,Wed 2/8,Snow,snow,http://openweathermap.org/img/wn/13d@2x.png,14.85,31.59,77,13,SW,0,2.65,1027,100,1675882800,-25200
563,Montana,Missoula,3,Thu 2/9,Clouds,scattered clouds,http://openweathermap.org/img/wn/03d@2x.png,8.74,30.76,76,4,SE,0,0,1035,48,1675969200,-25200
564,Montana,Missoula,4,Fri 2/10,Clouds,scattered clouds,http://openweathermap.org/img/wn/03d@2x.png,16.14,34.5,81,4,SE,0,0,1023,48,1676055600,-25200
565,Montana,Missoula,5,Sat 2/11,Snow,light snow,http://openweathermap.org/img/wn/13d@2x.png,19.11,32.47,91,3,W,0,0.54,1022,86,1676142000,-25200
566,Nevada,Elko,1,Tue 2/7,Clouds,broken clouds,http://openweathermap.org/img/wn/04d@2x.png,6.82,29.66,88,3,S,0,0,1037,66,1675796400,-28800
567,Nevada,Elko,2,Wed 2/8,Clouds,overcast clouds,http://openweathermap.org/img/wn/04d@2x.png,10.29,31.77,86,3,S,0,0,1032,100,1675882800,-28800
568,Nevada,Elko,3,Thu 2/9,Clouds,scattered clouds,http://openweathermap.org/img/wn/03d@2x.png,3.27,26.78,76,4,N,0,0,1040,33,1675969200,-28800
569,Nevada,Elko,4,Fri 2/10,Clouds,broken clouds,http://openweathermap.org/img/wn/04d@2x.png,11.3,32,82,4,N,0,0,1029,54,1676055600,-28800
570,Nevada,Elko,5,Sat 2/11,Snow,light snow,http://openweathermap.org/img/wn/13d@2x.png,9.1,29.75,87,5,W,0,2.66,1020,100,1676142000,-28800
571,Nevada,Las Vegas,1,Tue 2/7,Clear,sky is clear,http://openweathermap.org/img/wn/01d@2x.png,42.69,54.39,32,14,NW,0,0,1029,0,1675796400,-28800
572,Nevada,Las Vegas,2,Wed 2/8,Clear,sky is clear,http://openweathermap.org/img/wn/01d@2x.png,44.17,60.76,30,4,NE,0,0,1025,0,1675882800,-28800
573,Nevada,Las Vegas,3,Thu 2/9,Clear,sky is clear,http://openweathermap.org/img/wn/01d@2x.png,42.58,56.34,30,9,NE,0,0,1030,6,1675969200,-28800
574,Nevada,Las Vegas,4,Fri 2/10,Clear,sky is clear,http://openweathermap.org/img/wn/01d@2x.png,42.87,55.2,22,4,S,0,0,1026,1,1676055600,-28800
575,Nevada,Las Vegas,5,Sat 2/11,Clouds,overcast clouds,http://openweathermap.org/img/wn/04d@2x.png,47.32,56.52,27,19,NW,0,0,1011,87,1676142000,-28800
576,Nevada,Reno,1,Tue 2/7,Clouds,overcast clouds,http://openweathermap.org/img/wn/04d@2x.png,25.61,43.48,53,4,S,0,0,1029,100,1675800000,-28800
577,Nevada,Reno,2,Wed 2/8,Clouds,broken clouds,http://openweathermap.org/img/wn/04d@2x.png,34.05,46.92,41,4,SW,0,0,1028,56,1675886400,-28800
578,Nevada,Reno,3,Thu 2/9,Clear,sky is clear,http://openweathermap.org/img/wn/01d@2x.png,36.3,49.48,42,5,S,0,0,1026,5,1675972800,-28800
579,Nevada,Reno,4,Fri 2/10,Snow,light snow,http://openweathermap.org/img/wn/13d@2x.png,33.49,51.39,41,16,S,0,0.7,1014,7,1676059200,-28800
580,Nevada,Reno,5,Sat 2/11,Snow,light snow,http://openweathermap.org/img/wn/13d@2x.png,30.31,37.29,53,11,NW,0,0.58,1022,24,1676145600,-28800
581,Oregon,Medford,1,Tue 2/7,Clouds,overcast clouds,http://openweathermap.org/img/wn/04d@2x.png,33.06,54.77,50,4,NW,0,0,1029,100,1675800000,-28800
582,Oregon,Medford,2,Wed 2/8,Clouds,scattered clouds,http://openweathermap.org/img/wn/03d@2x.png,38.52,53.08,52,4,E,0,0,1032,43,1675886400,-28800
583,Oregon,Medford,3,Thu 2/9,Clouds,scattered clouds,http://openweathermap.org/img/wn/03d@2x.png,39.24,60.12,42,5,SE,0,0,1023,31,1675972800,-28800
584,Oregon,Medford,4,Fri 2/10,Rain,light rain,http://openweathermap.org/img/wn/10d@2x.png,36.9,42.67,97,4,W,3.96,0,1023,100,1676059200,-28800
585,Oregon,Medford,5,Sat 2/11,Snow,light snow,http://openweathermap.org/img/wn/13d@2x.png,31.53,42.84,68,3,W,0,0.64,1028,74,1676145600,-28800
586,Oregon,Pendleton,1,Tue 2/7,Rain,light rain,http://openweathermap.org/img/wn/10d@2x.png,35.24,52.54,52,22,SW,0.88,0,1022,100,1675800000,-28800
587,Oregon,Pendleton,2,Wed 2/8,Clouds,broken clouds,http://openweathermap.org/img/wn/04d@2x.png,35.8,44.89,52,19,SW,0,0,1032,81,1675886400,-28800
588,Oregon,Pendleton,3,Thu 2/9,Clouds,overcast clouds,http://openweathermap.org/img/wn/04d@2x.png,33.42,49.8,44,8,E,0,0,1027,97,1675972800,-28800
589,Oregon,Pendleton,4,Fri 2/10,Rain,light rain,http://openweathermap.org/img/wn/10d@2x.png,34.29,40.66,84,7,SE,1.02,0,1022,99,1676059200,-28800
590,Oregon,Pendleton,5,Sat 2/11,Clouds,scattered clouds,http://openweathermap.org/img/wn/03d@2x.png,33.4,44.62,59,14,SW,0,0,1024,30,1676145600,-28800
591,Oregon,Portland,1,Tue 2/7,Rain,moderate rain,http://openweathermap.org/img/wn/10d@2x.png,38.73,46.15,89,12,S,9.86,0,1024,100,1675800000,-28800
592,Oregon,Portland,2,Wed 2/8,Rain,light rain,http://openweathermap.org/img/wn/10d@2x.png,36.41,48.81,74,5,S,0.58,0,1034,68,1675886400,-28800
593,Oregon,Portland,3,Thu 2/9,Rain,light rain,http://openweathermap.org/img/wn/10d@2x.png,36.97,55.65,55,6,E,0.98,0,1024,54,1675972800,-28800
594,Oregon,Portland,4,Fri 2/10,Rain,light rain,http://openweathermap.org/img/wn/10d@2x.png,39.07,49.84,78,6,NW,5.38,0,1022,100,1676059200,-28800
595,Oregon,Portland,5,Sat 2/11,Rain,light rain,http://openweathermap.org/img/wn/10d@2x.png,39.04,47.44,68,4,S,2.09,0,1028,98,1676145600,-28800
596,Utah,Salt Lake City,1,Tue 2/7,Clouds,scattered clouds,http://openweathermap.org/img/wn/03d@2x.png,25.52,34.86,82,5,E,0,0,1033,48,1675796400,-25200
597,Utah,Salt Lake City,2,Wed 2/8,Snow,light snow,http://openweathermap.org/img/wn/13d@2x.png,23.54,36.68,75,12,W,0,1.05,1027,17,1675882800,-25200
598,Utah,Salt Lake City,3,Thu 2/9,Clouds,few clouds,http://openweathermap.org/img/wn/02d@2x.png,20.97,32.81,56,5,E,0,0,1038,15,1675969200,-25200
599,Utah,Salt Lake City,4,Fri 2/10,Clear,sky is clear,http://openweathermap.org/img/wn/01d@2x.png,25.5,40.41,51,5,E,0,0,1028,0,1676055600,-25200
600,Utah,Salt Lake City,5,Sat 2/11,Snow,light snow,http://openweathermap.org/img/wn/13d@2x.png,28.09,36.1,67,9,W,0,1.28,1014,78,1676142000,-25200
601,Washington,Seattle,1,Tue 2/7,Rain,light rain,http://openweathermap.org/img/wn/10d@2x.png,36.93,49.42,88,15,S,7.62,0,1019,100,1675800000,-28800
602,Washington,Seattle,2,Wed 2/8,Rain,light rain,http://openweathermap.org/img/wn/10d@2x.png,34.05,45.54,69,5,SE,0.21,0,1033,98,1675886400,-28800
603,Washington,Seattle,3,Thu 2/9,Rain,light rain,http://openweathermap.org/img/wn/10d@2x.png,35.44,46.4,53,10,SE,1.37,0,1022,100,1675972800,-28800
604,Washington,Seattle,4,Fri 2/10,Rain,light rain,http://openweathermap.org/img/wn/10d@2x.png,39.92,49.05,65,10,S,0.31,0,1021,60,1676059200,-28800
605,Washington,Seattle,5,Sat 2/11,Rain,light rain,http://openweathermap.org/img/wn/10d@2x.png,39.27,44.67,71,7,SE,0.63,0,1027,99,1676145600,-28800
606,Washington,Spokane,1,Tue 2/7,Snow,rain and snow,http://openweathermap.org/img/wn/13d@2x.png,33.37,40.86,67,20,SW,2.11,0.13,1021,100,1675800000,-28800
607,Washington,Spokane,2,Wed 2/8,Clear,sky is clear,http://openweathermap.org/img/wn/01d@2x.png,29.35,39.72,46,19,SW,0,0,1028,1,1675886400,-28800
608,Washington,Spokane,3,Thu 2/9,Clouds,broken clouds,http://openweathermap.org/img/wn/04d@2x.png,26.74,38.75,54,6,NE,0,0,1031,59,1675972800,-28800
609,Washington,Spokane,4,Fri 2/10,Snow,light snow,http://openweathermap.org/img/wn/13d@2x.png,29.62,34.93,81,6,S,0,0.38,1021,100,1676059200,-28800
610,Washington,Spokane,5,Sat 2/11,Clouds,overcast clouds,http://openweathermap.org/img/wn/04d@2x.png,30.9,34.66,75,5,S,0,0,1024,100,1676145600,-28800
